Fecha,Tipo,OrgID,P001_G,P002_G,P003_G,P021_G,P002_X,P003_X,P005_X,P021_X,SuCa,D107,O002,D071,O008,D002,O001,O007,O004,D001,D004_FAP,D004_FAT,D009,D019,D004_CAA,O999_CAR,O999_CAP,D004_CAPP,O999_CAV,D004_CAPV,O999_CARe,O999_FAI,O999_FAP,O999_FAT
06/01/2020,E,235,5574.51,,,,71.99,,,643.63,,,,,,629,,,,,,,,,,,,,,,,,,
06/01/2020,E,235,0,,,,,,,,,,,,,,,,,,,,,,,,,,,,,12.92,2393.54,2393.54
07/01/2020,E,1,0,,,,,,,,,,,,,,,,,,,,,,,,,,,,,57.07,1421.21,1421.21
07/01/2020,E,4,0,,,,,,,,,,,,,,,,,,,,,,,,,,,,,56.93,1417.84,1417.84
07/01/2020,E,7,0,,,,,,,,,,,,,,,,,,,,,,,,,,,,,74.4,1852.9,1852.9
07/01/2020,E,11,0,,,,,,,,,,,,,,,,,,,,,,,,,,,,,104.63,2605.5,2605.5
07/01/2020,E,24,0,,,,,,,,,,,,,,,,,,,,,,,,,,,,,181.43,4518.28,4518.28
07/01/2020,E,31,0,,,,,,,,,,,,,,,,,,,,,,,,,,,,,409.42,10195.82,10195.82
07/01/2020,E,39,0,,,,,,,,,,,,,,,,,,,,,,,,,,,,,196.54,4894.5,4894.5
07/01/2020,E,75,0,,,,,,,,,,,,,,,,,,,,,,,,,,,,,87.25,2172.71,2172.71
07/01/2020,E,136,0,,,,,,,,,,,,,,,,,,,,,,,,,,,,,76.69,1909.84,1909.84
07/01/2020,E,220,0,,,,,,,,,,,,,,,,,,,,,,,,,,,,,211.23,5260.26,5260.26
07/01/2020,E,231,0,,,,,,,,,,,,,,,,,,,,,,,,,,,,,79.41,1977.45,1977.45
07/01/2020,E,236,0,,,,,,,,,,,,,,,,,,,,,,,,,,,,,77.9,1939.91,1939.91
07/01/2020,E,245,0,,,,,,,,,,,,,,,,,,,,,,,,,,,,,46.04,1146.63,1146.63
10/01/2020,O,1,383.37,,,,,,15.33,,93.72,,75.15,,,,,,,19.68,15.33,15.33,173.07,1.5,100,,,,,,,,,
10/01/2020,O,7,987.29,,,,,,39.49,,88.07,,30.85,,,,,,,25.44,39.49,39.49,283.66,1.5,200,,,,,,,,,
10/01/2020,O,11,1574.07,,,,,,62.96,,58.38,,,,,56.26,,,,34.62,62.96,62.96,255.7,1.5,200,,,,,,,,,
10/01/2020,O,24,2621.85,,,,,,104.87,,,,,,,267.13,,,,61.05,104.87,104.87,,1.5,200,,,,,,,,,
10/01/2020,O,31,7079.52,,,,,,283.18,,,,,,,1246.8,,,,202.01,283.18,283.18,,,300,,,,,,,,,
10/01/2020,O,39,5530,,,,,,221.2,,,,,,,883.37,,,,156.24,221.2,221.2,,,700,,,,,,,,,
10/01/2020,O,75,1407.62,,,,,,56.3,,67.84,,,,,28.69,,,,27.43,56.3,56.3,,1.5,200,,,,,,,,,
10/01/2020,O,136,1369.81,,,,,,54.79,,67.84,,,,,24.57,,,,24.47,54.79,54.79,226.93,1.5,200,,,,,,,,,
10/01/2020,O,220,1680,,,,,,67.2,,50.11,,,,,76.06,,,,42.53,67.2,67.2,,,200,,,,,,,,,
10/01/2020,O,231,1345.41,,,,,,53.82,,67.84,,,,,21.92,,,,25.35,53.82,53.82,,1.5,400,,,,,,,,,
10/01/2020,O,236,1346.8,,,,,,53.87,,67.84,,,,,22.07,,,,33.86,53.87,53.87,,1.5,80,,,,,,,,,
10/01/2020,O,245,493.85,,,,,,19.75,,93.68,,68.04,,,,,,,13.84,19.75,19.75,,1.5,500,,,,,,,,,
17/01/2020,O,1,1062.82,,,,,,42.51,,81.57,,19.51,,,,,,,27.54,42.51,42.51,242.3,1.5,100,,,,,,,,,
17/01/2020,O,7,1367.94,,,,,,54.72,,67.84,,,,,24.37,,,,35.61,54.72,54.72,397.12,1.5,200,,,,,,,,,
17/01/2020,O,11,1888.88,,,,,,75.56,,,,,,,148.89,,,,48.48,75.56,75.56,357.99,1.5,200,,,,,,,,,
17/01/2020,O,24,3146.22,,,,,,125.85,,,,,,,374.2,,,,85.48,125.85,125.85,,1.5,200,,,,,,,,,
17/01/2020,O,31,7079.52,,,,,,283.18,,,,,,,1246.8,,,,202.01,283.18,283.18,,,300,,,,,,,,,
17/01/2020,O,39,5530,,,,,,221.2,,,,,,,883.37,,,,156.24,221.2,221.2,,,700,,,,,,,,,
17/01/2020,O,75,1749.2,,,,,,69.97,,,,,,,133.69,,,,38.38,69.97,69.97,,1.5,200,,,,,,,,,
17/01/2020,O,136,1242.34,,,,,,49.69,,67.84,,,,,10.7,,,,34.24,49.69,49.69,317.7,1.5,200,,,,,,,,,
17/01/2020,E,136,0,,,,,,,,,,,,,,,,,,,,,,,,1200,,,,,,,
17/01/2020,O,220,1680,,,,,,67.2,,50.11,,,,,76.06,,,,42.53,67.2,67.2,,,200,,,,,,,,,
17/01/2020,O,231,1374.93,,,,,,55,,67.84,,,,,25.13,,,,35.5,55,55,,1.5,400,,,,,,,,,
17/01/2020,O,236,1346.8,,,,,,53.87,,67.84,,,,,22.07,,,,33.86,53.87,53.87,,1.5,80,,,,,,,,,
17/01/2020,O,245,623.16,,,,,,24.93,,93.63,,59.71,,,,,,,17.32,24.93,24.93,,1.5,600,,,,,,,,,
18/01/2020,E,136,0,,,,,,,,,,,,,,,,,,,,,,,,,,500,,,,,
22/01/2020,E,7,0,,,,,,,,,,,,,,,,,,,,,,,,,,200,,,,,
24/01/2020,O,1,963.51,,,,,,38.54,,88.07,,32.37,,,,,,,27.54,38.54,38.54,242.3,1.5,100,,,,,,,,,
24/01/2020,O,4,740,,,,,,29.6,,93.63,,52.24,,,,,,,11.75,29.6,29.6,104.34,1.5,400,,,,,,,,,
24/01/2020,E,4,3247.44,,,,,,,695.88,,,,,,,,,,82.3,,,730.36,,,,,,,,,,,
24/01/2020,O,7,1332.77,,,,,,53.31,,67.84,,,,,20.54,,,,35.61,53.31,53.31,397.12,1.5,200,,,,,200,,,,
24/01/2020,O,11,1888.88,,,,,,75.56,,,,,,,148.89,,,,48.48,75.56,75.56,357.99,1.5,200,,,,,,,,,
24/01/2020,O,24,3146.22,,,,,,125.85,,,,,,,374.2,,,,85.48,125.85,125.85,,1.5,200,,,,,,,,,
24/01/2020,O,31,7079.52,,,,,,283.18,,,,,,,1246.8,,,,202.01,283.18,283.18,,,300,,,,,,,,,
24/01/2020,O,39,2310,,,,,,92.4,,,,,,,211.25,,,,61.14,92.4,92.4,,,200,,,,,,,,,
24/01/2020,O,75,1739.43,,,,,,69.58,,,,,,,132.63,,,,38.38,69.58,69.58,,1.5,200,,,,,,,,,
24/01/2020,O,136,1416.62,,,,,,56.66,,67.84,,,,,29.66,,,,34.24,56.66,56.66,317.7,1.5,200,,,165,,250,,,,
24/01/2020,O,220,4900,,,,,,196,,,,,,,748.8,,,,137.63,196,196,,,700,,,,,,,,,
24/01/2020,O,231,1537.35,,,,,,61.49,,58.38,,,,,52.26,,,,35.5,61.49,61.49,,1.5,400,,,,,,,,,
24/01/2020,O,236,1346.8,,,,,,53.87,,67.84,,,,,22.07,,,,33.86,53.87,53.87,,1.5,80,,,,,,,,,
24/01/2020,O,245,742.39,,,,,,29.7,,93.63,,52.08,,,,,,,20.78,29.7,29.7,,1.5,700,,,,,,,,,
31/01/2020,O,1,1130.92,,,,,,45.24,,119.1,,54.75,,,,,,,27.54,45.24,45.24,242.3,1.5,100,,,,,,,,,
31/01/2020,O,7,1360.17,,,,,,54.41,,101.12,,,9.32,,,44.91,,,35.61,54.41,54.41,397.12,1.5,200,,,,,200,,,,
31/01/2020,E,7,0,,,,,,,,,,,,,,,,,,,,,,,,1500,,200,,,,,
31/01/2020,O,11,1888.88,,,,,,75.56,,159.23,,,,,,29.76,,,48.48,75.56,75.56,357.99,1.5,200,,,,,,,,,
31/01/2020,O,24,3146.22,,,,,,125.85,,,,,,,267.14,,,,85.48,125.85,125.85,,1.5,200,,,,,,,,,
31/01/2020,O,31,7079.52,,,,,,283.18,,,,,,,1103.36,,,,202.01,283.18,283.18,,,300,,,,,,,,,
31/01/2020,O,39,2310,,,,,,92.4,,,,,,,77.8,,,,61.14,92.4,92.4,,,200,,,,,,,,,
31/01/2020,O,75,1794.33,,,,,,71.77,,185.7,,,,,,66.51,,,38.38,71.77,71.77,,1.5,200,,,,,,,,,
31/01/2020,O,136,1455.28,,,,,,58.21,,91.11,,,,,,8.79,,,34.24,58.21,58.21,317.7,1.5,200,,,165,,250,,,,
31/01/2020,O,220,4900,,,,,,196,,,100.22,,,,616.6,,100.22,,137.63,196,196,,,700,,,,,,,,,
31/01/2020,O,231,1612.78,,,,,,64.51,,100.57,,,,,,1.13,,,35.5,64.51,64.51,,1.5,400,,,,,,,,,
31/01/2020,O,236,1346.8,,,,,,53.87,,91.11,,,,,,20.61,,,33.86,53.87,53.87,,1.5,80,,,,,,,,,
31/01/2020,O,245,741.36,,,,,,29.65,,125.89,,86.47,,,,,,,20.78,29.65,29.65,,1.5,200,,,,,,,,,
03/02/2020,E,136,0,,,,,,,,,,,,,,,,,,,,,,,,,,200,,,,,
06/02/2020,E,7,0,,,,,,,,,,,,,,,,,,,,,,,,,,70,,,,,
07/02/2020,O,1,863.77,,,,,,34.55,,88.07,,38.75,,,,,,,23.6,34.55,34.55,207.69,1.5,100,,,,,,,,,
07/02/2020,O,7,1384.49,,,,,,55.38,,67.84,,,,,26.17,,,,35.61,55.38,55.38,397.12,1.5,200,1000,,206.25,,70,,,,
07/02/2020,O,11,1888.88,,,,,,75.56,,,,,,,148.89,,,,48.48,75.56,75.56,357.99,1.5,200,,,,,,,,,
07/02/2020,O,24,3146.22,,,,,,125.85,,,,,,,374.2,,,,85.48,125.85,125.85,,1.5,200,,,,,,,,,
07/02/2020,O,31,7079.52,,,,,,283.18,,,,,,,1246.8,,,,202.01,283.18,283.18,,,300,,,,,,,,,
07/02/2020,O,39,2310,,,,,,92.4,,,,,,,211.25,,,,61.14,92.4,92.4,,,,,,,,,,,,
07/02/2020,O,75,1894.86,,,,,,75.79,,,,,,,149.54,,,,38.38,75.79,75.79,,1.5,200,,,,,,,,,
07/02/2020,O,136,1528.12,,,,,,61.12,,58.38,,,,,51.26,,,,34.24,61.12,61.12,317.7,1.5,200,,,165,,200,,,,
07/02/2020,O,220,4900,,,,,,196,,,,,,,748.8,,,,137.63,196,196,,,900,,,,,,,,,
07/02/2020,O,231,1677.87,,,,,,67.11,,50.11,,,,,75.82,,,,35.5,67.11,67.11,,1.5,400,,,,,,,,,
07/02/2020,O,236,1346.8,,,,,,53.87,,67.84,,,,,22.07,,,,33.86,53.87,53.87,,1.5,80,,,,,,,,,
07/02/2020,O,245,814.56,,,,,,32.58,,90.44,,44.28,,,,,,,20.78,32.58,32.58,,1.5,500,,,,,,,,,
13/02/2020,E,7,0,,,,,,,,,,,,,,,,,,,,,,,,,,490,,,,,
13/02/2020,E,24,0,,,,,,,,,,,,,,,,,,,,,,,,5000,,,,,,,
13/02/2020,E,136,0,,,,,,,,,,,,,,,,,,,,,,,,,,200,,,,,
14/02/2020,O,1,1050.28,,,,,,42.01,,81.57,,20.32,,,,,,,27.54,42.01,42.01,273.69,1.5,100,,,,,,,,,
14/02/2020,O,7,1432.9,,,,,,57.32,,67.84,,,,,31.44,,,,35.61,57.32,57.32,450.17,1.5,200,,,206.25,,255,,,,
14/02/2020,O,11,1888.88,,,,,,75.56,,,,,,,148.89,,,,48.11,75.56,75.56,415.86,1.5,200,,,,,,,,,
14/02/2020,O,24,3146.22,,,,,,125.85,,,,,,,374.2,,,,85.09,125.85,125.85,,1.5,200,,,,,,,,,
14/02/2020,O,31,7079.52,,,,,,283.18,,,,,,,1246.8,,,,201.64,283.18,283.18,,,300,,,,,,,,,
14/02/2020,O,39,3640,,,,,,145.6,,,,,,,479.67,,,,100.03,145.6,145.6,,,900,,,,,,,,,
14/02/2020,O,75,1826.8,,,,,,73.07,,,,,,,142.13,,,,38.38,73.07,73.07,,1.5,200,,,,,,,,,
14/02/2020,O,136,1371.03,,,,,,54.84,,67.84,,,,,24.7,,,,34.24,54.84,54.84,369.04,1.5,200,,,165,,200,,,,
14/02/2020,O,231,1692.64,,,,,,67.71,,50.11,,,,,77.43,,,,35.5,67.71,67.71,,1.5,400,,,,,,,,,
14/02/2020,O,236,1346.8,,,,,,53.87,,67.84,,,,,22.07,,,,33.86,53.87,53.87,,1.5,80,,,,,,,,,
14/02/2020,O,245,621.63,,,,,,24.87,,93.63,,59.81,,,,,,,17.32,24.87,24.87,,1.5,500,,,,,,,,,
17/02/2020,E,7,0,,,,,,,,,,,,,,,,,,,,,,,,1100,,,,,,,
19/02/2020,E,4,0,,,,,,,,,,,,,,,,,,,,,,,,,,200,,,,,
20/02/2020,E,136,0,,,,,,,,,,,,,,,,,,,,,,,,,,100,,,,,
21/02/2020,O,1,1112.31,,,,,,44.49,,74.81,,9.59,,,,,,,27.54,44.49,44.49,242.3,1.5,100,,,,,,,,,
21/02/2020,O,4,1539.27,,,,,,61.57,,58.38,,,,,52.47,,,,27.44,61.57,61.57,243.45,1.5,400,,1000,,,200,,,,
21/02/2020,E,7,0,,,,,,,,,,,,,,,,,,,,,,,,,,20,,,,,
21/02/2020,O,7,1443.74,,,,,,57.75,,58.38,,,,,42.08,,,,35.61,57.75,57.75,397.12,1.5,200,,,206.25,,235,,,,
21/02/2020,O,11,1888.88,,,,,,75.56,,,,,,,148.89,,,,48.28,75.56,75.56,368.03,1.5,200,,,,,,,,,
21/02/2020,O,24,3146.22,,,,,,125.85,,,,,,,374.2,,,,85.27,125.85,125.85,,1.5,200,,,479.17,,,,,,
21/02/2020,O,31,7079.52,,,,,,283.18,,,,,,,1246.8,,,,201.81,283.18,283.18,,,300,,,,,,,,,
21/02/2020,O,39,3640,,,,,,145.6,,,,,,,479.67,,,,100.21,145.6,145.6,,,900,,,,,,,,,
21/02/2020,O,75,1790.45,,,,,,71.62,,,,,,,138.18,,,,38.38,71.62,71.62,,1.5,200,,,,,,,,,
21/02/2020,O,136,1239.61,,,,,,49.58,,67.84,,,,,10.41,,,,34.24,49.58,49.58,326.6,1.5,200,,,165,,100,,,,
21/02/2020,O,231,1453.28,,,,,,58.13,,58.38,,,,,43.11,,,,35.5,58.13,58.13,,1.5,400,,,,,,,,,
21/02/2020,O,236,1346.8,,,,,,53.87,,67.84,,,,,22.07,,,,33.86,53.87,53.87,,1.5,80,,,,,,,,,
21/02/2020,O,245,866.5,,,,,,34.66,,88.07,,38.58,,,,,,,24.24,34.66,34.66,,1.5,500,,,,,,,,,
22/02/2020,E,136,0,,,,,,,,,,,,,,,,,,,,,,,,,,500,,,,,
24/02/2020,E,4,0,,,,,,,,,,,,,,,,,,,,,,,,,,200,,,,,
27/02/2020,E,236,0,,,,,,,,,,,,,,,,,,,,,,,,,,100,,,,,
28/02/2020,O,1,1047.25,,,,,,41.89,,138.01,,79,,,,,,,27.54,41.89,41.89,242.3,1.5,100,,,,,,,,,
28/02/2020,O,4,1587.65,,,,,,63.51,,348.24,,232.41,,,,52.47,,,27.44,63.51,63.51,243.45,1.5,200,,,137.5,,200,,,,
28/02/2020,O,7,1498.89,,,,,,59.96,,100.57,,,,,,13.53,,,35.61,59.96,59.96,397.12,1.5,200,,,206.25,,20,,,,
28/02/2020,O,11,1888.88,,,,,,75.56,,,,,,,129.47,,,,48.28,75.56,75.56,368.03,1.5,200,,,,,,,,,
28/02/2020,O,24,3146.22,,,,,,125.85,,,,,,,272.08,,,,85.27,125.85,125.85,,1.5,200,,,479.17,,,,,,
28/02/2020,O,31,7079.52,,,,,,283.18,,,,,,,1103.36,,,,201.81,283.18,283.18,,,300,,,,,,,,,
28/02/2020,O,39,3640,,,,,,145.6,,,,,,,361.88,,,,100.21,145.6,145.6,,,,,,,,,,,,
28/02/2020,O,75,1814.91,,,,,,72.6,,217.61,,,,,,96.18,,,38.38,72.6,72.6,,1.5,200,,,,,,,,,
28/02/2020,O,136,1346.8,,,,,,53.87,,100.57,,,,,,30.07,,,29.34,53.87,53.87,279.95,1.5,200,,,165,,250,,,,
28/02/2020,O,220,2450,,,,,,98,,217.61,,,,,,412.63,,,78.54,98,98,,,900,,,,,,,,,
28/02/2020,O,231,1568.34,,,,,,62.73,,94.94,,,,,,0.33,,,35.5,62.73,62.73,,1.5,400,,,,,,,,,
28/02/2020,O,236,1346.8,,,,,,53.87,,91.11,,,,,,20.61,,,33.86,53.87,53.87,,1.5,80,,,,,100,,,,
28/02/2020,O,245,743.65,,,,,,29.75,,134.48,,94.9,,,,,,,20.78,29.75,29.75,,1.5,500,,,,,,,,,
29/02/2020,E,7,0,,,,,,,,,,,,,,,,,,,,,,,500,3000,1875.5,,,,,,
02/03/2020,E,4,0,,,,,,,,,,,,,,,,,,,,,,,,,,200,,,,,
02/03/2020,E,136,0,,,,,,,,,,,,,,,,,,,,,,,500,,,,,,,,
03/03/2020,E,236,0,,,,,,,,,,,,,,,,,,,,,,,,,,100,,,,,
05/03/2020,E,7,0,,,,,,,,,,,,,,,,,,,,,,,,,,100,,,,,
06/03/2020,O,1,746.14,,,,,,29.85,,93.63,,51.84,,,,,,,23.6,29.85,29.85,207.69,1.5,100,,,,,,,,,
06/03/2020,O,4,1524.98,,,,,,61,,58.38,,,,,50.92,,,,51.1,61,61,243.45,1.5,200,,,137.5,,200,,,,
06/03/2020,O,7,1409.92,,,,,,56.4,,67.84,,,,,28.94,,,,35.61,56.4,56.4,397.12,1.5,200,,,287.5,,100,,,,
06/03/2020,E,7,0,,,,,,,,,,,,,,,,,,,,,,,,,,250,,,,,
06/03/2020,O,11,1888.88,,,,,,75.56,,,,,,,148.89,,,,48.28,75.56,75.56,368.63,1.5,200,,,,,,,,,
06/03/2020,O,24,3146.22,,,,,,125.85,,,,,,,374.2,,,,85.27,125.85,125.85,,1.5,200,,,479.17,,,,,,
06/03/2020,O,31,7079.52,,,,,,283.18,,,,,,,1246.8,,,,201.81,283.18,283.18,,,300,,,,,,,,,
06/03/2020,O,39,4990,,,,,,199.6,,,,,,,768.03,,,,140.09,199.6,199.6,,,,,,,,,,,,
06/03/2020,O,75,1840.68,,,,,,73.63,,,,,,,143.64,,,,38.38,73.63,73.63,,1.5,200,,,,,,,,,
06/03/2020,O,136,1386.08,,,,,,55.44,,67.84,,,,,26.34,,,,34.24,55.44,55.44,327.2,1.5,200,,2000,315,,250,,,,
06/03/2020,O,220,2600,,,,,,104,,,,,,,263.22,,,,69.41,104,104,,,900,,,,,,,,,
06/03/2020,O,231,1491.04,,,,,,59.64,,58.38,,,,,47.22,,,,35.5,59.64,59.64,,1.5,400,,,,,,,,,
06/03/2020,O,236,1346.8,,,,,,53.87,,67.84,,,,,22.07,,,,33.86,53.87,53.87,,1.5,80,,,,,100,,,,
06/03/2020,O,245,784.44,,,,,,31.38,,93.63,,49.39,,,,,,,20.78,31.38,31.38,,1.5,500,,,,,,,,,
09/03/2020,E,4,0,,,,,,,,,,,,,,,,,,,,,,,,,,200,,,,,
09/03/2020,E,236,0,,,,,,,,,,,,,,,,,,,,,,,,,,100,,,,,
10/03/2020,E,136,0,,,,,,,,,,,,,,,,,,,,,,,,,,200,,,,,
13/03/2020,O,1,621.98,,,,,,24.88,,93.63,,59.79,,,,,,,19.68,24.88,24.88,173.07,1.5,100,,,,,,,,,
13/03/2020,O,4,1561.21,,,,,,62.45,,58.38,,,,,54.86,,,,27.44,62.45,62.45,243.45,1.5,200,,,137.5,,200,,,,
13/03/2020,O,7,1553.17,,,,,,62.13,,58.38,,,,,53.98,,,,35.61,62.13,62.13,397.12,1.5,200,,,287.5,,250,,,,
13/03/2020,O,11,1888.88,,,,,,75.56,,,,,,,148.89,,,,48.28,75.56,75.56,368.63,1.5,200,,,,,,,,,
13/03/2020,O,24,3146.22,,,,,,125.85,,,,,,,374.2,,,,85.27,125.85,125.85,,1.5,200,,,479.17,,,,,,
13/03/2020,O,31,7079.52,,,,,,283.18,,,,,,,1246.8,,,,201.81,283.18,283.18,,,300,,,,,,,,,
13/03/2020,O,39,5530,,,,,,221.2,,,,,,,883.37,,,,156.04,221.2,221.2,,,,,,,,,,,,
13/03/2020,O,75,1922.09,,,,,,76.88,,,,,,,152.5,,,,38.38,76.88,76.88,,1.5,200,,,,,,,,,
13/03/2020,O,136,1275.68,,,,,,51.03,,67.84,,,,,14.33,,,,34.24,51.03,51.03,327.2,1.5,200,1200,,275,,200,,,,
13/03/2020,O,220,1680,,,,,,67.2,,50.11,,,,,76.06,,,,42.48,67.2,67.2,,,900,,,,,,,,,
13/03/2020,O,231,1507.78,,,,,,60.31,,58.38,,,,,49.04,,,,35.5,60.31,60.31,,1.5,400,,,,,,,,,
13/03/2020,O,236,1346.8,,,,,,53.87,,67.84,,,,,22.07,,,,33.86,53.87,53.87,,1.5,80,,,,,100,,,,
13/03/2020,O,245,890.07,,,,,,35.6,,88.07,,37.07,,,,,,,24.24,35.6,35.6,,1.5,500,,,,,,,,,
14/03/2020,E,7,0,,,,,,,,,,,,,,,,,,,,,,,500,,,300,,,,,
17/03/2020,E,4,0,,,,,,,,,,,,,,,,,,,,,,,,,,200,,,,,
18/03/2020,E,136,0,,,,,,,,,,,,,,,,,,,,,,,,,,500,,,,,
19/03/2020,E,236,0,,,,,,,,,,,,,,,,,,,,,,,,,,200,,,,,
20/03/2020,O,1,617.3,,,,,,24.69,,93.63,,60.09,,,,,,,23.6,24.69,24.69,207.69,1.5,100,,,,,,,,,
20/03/2020,O,4,1120.1,,,,,,44.8,,74.81,,9.09,,,,,,,27.44,44.8,44.8,243.45,1.5,200,,,137.5,,200,,,,
20/03/2020,O,7,1508.23,,,,,,60.33,,58.38,,,,,49.09,,,,35.61,60.33,60.33,397.12,1.5,200,,,287.5,,300,,,,
20/03/2020,O,11,1888.88,,,,,,75.56,,,,,,,148.89,,,,48.28,75.56,75.56,368.63,1.5,200,,,,,,,,,
20/03/2020,O,24,3146.22,,,,,,125.85,,,,,,,374.2,,,,85.27,125.85,125.85,,1.5,200,,,479.17,,,,,,
20/03/2020,O,31,7079.52,,,,,,283.18,,,,,,,1246.8,,,,201.81,283.18,283.18,,,300,,,,,,,,,
20/03/2020,O,39,5530,,,,,,221.2,,,,,,,883.37,,,,156.04,221.2,221.2,,,700,,,,,,,,,
20/03/2020,O,75,1937.57,,,,,,77.5,,,,,,,154.19,,,,38.38,77.5,77.5,,1.5,200,,,,,,,,,
20/03/2020,O,136,1460.27,,,,,,58.41,,58.38,,,,,43.88,,,,34.24,58.41,58.41,327.2,1.5,200,500,,275,,250,,,,
20/03/2020,O,220,1680,,,,,,67.2,,50.11,,,,,76.06,,,,42.48,67.2,67.2,,,200,,,,,,,,,
20/03/2020,O,231,1427.48,,,,,,57.1,,67.84,,,,,30.85,,,,35.5,57.1,57.1,,1.5,400,,,,,,,,,
20/03/2020,O,236,1346.8,,,,,,53.87,,67.84,,,,,22.07,,,,33.86,53.87,53.87,,1.5,80,,,,,200,,,,
20/03/2020,O,245,958.9,,,,,,38.36,,88.07,,32.66,,,,,,,24.24,38.36,38.36,,1.5,500,,,,,,,,,
27/03/2020,O,1,957.37,,,,,,38.29,,125.73,,72.48,,,,,,,27.54,38.29,38.29,242.3,1.5,100,,,,,,,,,
27/03/2020,O,4,1371.73,,,,,,54.87,,103.06,,,9.09,,,39.42,,,27.44,54.87,54.87,243.45,1.5,200,,,137.5,,,,,,
27/03/2020,O,7,1428.16,,,,,,57.13,,110.03,,,,,,30.68,,,35.61,57.13,57.13,397.12,1.5,200,,700,287.5,,,,,,
27/03/2020,O,11,1888.88,,,,,,75.56,,,,,,,129.47,,,,48.28,75.56,75.56,368.63,1.5,200,,,,,,,,,
27/03/2020,O,24,3146.22,,,,,,125.85,,,,,,,272.08,,,,85.27,125.85,125.85,,1.5,200,,,479.17,,,,,,
27/03/2020,O,31,7079.52,,,,,,283.18,,,,,,,1103.36,,,,201.81,283.18,283.18,,,300,,,,,,,,,
27/03/2020,O,39,5530,,,,,,221.2,,,,,,,781.26,,,,156.04,221.2,221.2,,,700,,,,,,,,,
27/03/2020,O,75,1922.2,,,,,,76.89,,,,,,,133.1,,,,38.38,76.89,76.89,,1.5,200,,,,,,,,,
27/03/2020,O,136,1361.57,,,,,,54.46,,100.57,,,,,,28.46,,,34.24,54.46,54.46,327.2,1.5,200,,,275,,250,,,,
27/03/2020,O,220,1680,,,,,,67.2,,,100.22,,,,169.99,,100.22,,42.48,67.2,67.2,,,200,,,,,,,,,
27/03/2020,O,231,1545.84,,,,,,61.83,,110.03,,,,,,17.87,,,35.5,61.83,61.83,,1.5,400,,,,,,,,,
27/03/2020,O,236,1346.8,,,,,,53.87,,91.11,,,,,,20.61,,,33.86,53.87,53.87,,1.5,80,,,,,,,,,
27/03/2020,O,245,968.87,,,,,,38.75,,112.69,,58.71,,,,,,,24.24,38.75,38.75,,1.5,500,,,,,,,,,
02/04/2020,E,1,2173.08,,,,,,,465.66,,,,,,,,,,55.08,,,484.61,,200,,,,,,,,,
02/04/2020,E,4,2164.96,,,,,,,463.92,,,,,,18.47,,,,54.87,,,486.91,,400,,,275,,,,,,
02/04/2020,E,7,2825.2,,,,,,,605.4,,,,,,38.5,,,,71.23,,,794.25,,400,,,767.5,,,,,,
02/04/2020,E,11,3777.76,,,,,,,809.52,,,,,,303.04,,,,96.55,,,737.25,,400,,,,,,,,,
02/04/2020,E,24,6292.44,,,81.03,,,,1267.35,,,,,,835.71,,,,170.54,,,,,400,,,958.34,,,,,,
02/04/2020,E,31,14159.04,,,1766.73,,,,1267.35,,,,,,2940.85,,,,403.61,,,,,600,,,,,,,,,
02/04/2020,E,39,11060,,,1102.65,,,,1267.35,,,,,,1836.49,,,,312.08,,,,,1400,,,,,,,,,
02/04/2020,E,75,3692.5,,,,,,,791.25,,,,,,237.36,,,,94.19,,,,,400,,,,,,,,,
02/04/2020,E,136,2723.14,,,,,,,583.53,,,,,,33.87,,,,68.49,,,654.39,,400,,,550,,,,,,
02/04/2020,E,220,3360,,,,,,,720,,,,,,353.51,,,,84.94,,,,,400,,,,,,,,,
02/04/2020,E,231,3080,,,,,,,660,,,,,,82.75,,,,77.46,,,,,800,,,,,,,,,
02/04/2020,E,236,2693.6,,,,,,,577.2,,,,,,27.69,,,,67.74,,,,,160,,,,,,,,,
02/04/2020,E,245,1937.74,,,,,,,415.23,,,,,,,,,,48.48,,,,,1000,,,,,,,,,
17/04/2020,O,1,1086.54,,,,,,43.46,,74.81,,11.23,,,,,,,27.54,43.46,43.46,242.3,1.5,100,,,,,,,,,
17/04/2020,O,4,1082.48,,,,,,43.3,,81.57,,18.25,,,,,,,27.44,43.3,43.3,243.45,1.5,200,,,137.5,,,,,,
17/04/2020,O,7,1412.6,,,,,,56.5,,67.84,,,,,29.23,,,,35.61,56.5,56.5,397.12,1.5,200,,,383.75,,,,,,
17/04/2020,O,11,1888.88,,,,,,75.56,,,,,,,148.89,,,,48.28,75.56,75.56,368.63,1.5,200,,,,,,,,,
17/04/2020,O,24,3146.22,,,,,,125.85,,,,,,,374.2,,,,85.27,125.85,125.85,,1.5,200,,,479.17,,,,,,
17/04/2020,O,31,7079.52,,,,,,283.18,,,,,,,1246.8,,,,201.81,283.18,283.18,,,300,,,,,,,,,
17/04/2020,O,39,5530,,,,,,221.2,,,,,,,883.37,,,,156.04,221.2,221.2,,,700,,,,,,,,,
17/04/2020,O,75,1846.25,,,,,,73.85,,,,,,,144.25,,,,47.09,73.85,73.85,,1.5,200,,,,,,,,,
17/04/2020,O,136,1361.57,,,,,,54.46,,67.84,,,,,23.67,,,,34.24,54.46,54.46,327.2,1.5,200,,,275,,,,,,
17/04/2020,O,220,1680,,,,,,67.2,,50.11,,,,,76.06,,,,42.48,67.2,67.2,,,200,,,,,,,,,
17/04/2020,O,231,1540,,,,,,61.6,,58.38,,,,,52.55,,,,38.73,61.6,61.6,,1.5,400,,,,,,,,,
17/04/2020,O,236,1346.8,,,,,,53.87,,67.84,,,,,22.07,,,,33.86,53.87,53.87,,1.5,80,,,,,,,,,
17/04/2020,O,245,968.87,,,,,,38.75,,88.07,,32.03,,,,,,,24.24,38.75,38.75,,1.5,500,,,,,,,,,
24/04/2020,O,1,931.32,,,,,,37.25,,88.07,,34.43,,,,,,,23.6,37.25,37.25,207.69,1.5,100,,,,,,,,,
24/04/2020,O,4,927.84,,,,,,37.11,,88.07,,34.65,,,,,,,23.52,37.11,37.11,208.68,1.5,200,,,,,,,,,
24/04/2020,O,7,1210.8,,,,,,48.43,,74.81,,,,,0.31,,,,30.52,48.43,48.43,340.39,1.5,200,,,,,,,,,
24/04/2020,O,11,1574.07,,,,,,62.96,,58.38,,,,,56.26,,,,41.38,62.96,62.96,315.96,1.5,200,,,,,,,,,
24/04/2020,O,24,2621.85,,,,,,104.87,,,,,,,267.13,,,,73.09,104.87,104.87,,1.5,200,,,,,,,,,
24/04/2020,O,31,5899.6,,,,,,235.98,,,,,,,969.28,,,,172.98,235.98,235.98,,,300,,,,,,,,,
24/04/2020,O,39,4608.33,,,,,,184.33,,,,,,,686.5,,,,133.75,184.33,184.33,,,700,,,,,,,,,
24/04/2020,O,75,1582.5,,,,,,63.3,,58.38,,,,,57.17,,,,40.37,63.3,63.3,,1.5,200,,,,,,,,,
24/04/2020,O,136,1167.06,,,,,,46.68,,74.81,,4.45,,,,,,,29.34,46.68,46.68,280.45,1.5,200,,,,,,,,,
24/04/2020,O,220,1400,,,,,,56,,67.84,,,,,27.86,,,,36.4,56,56,,,200,,,,,,,,,
24/04/2020,O,231,1320,,,,,,52.8,,67.84,,,,,19.15,,,,33.2,52.8,52.8,,1.5,400,,,,,,,,,
24/04/2020,O,236,1122.33,,,,,,44.89,,74.81,,8.94,,,,,,,29.03,44.89,44.89,,1.5,80,,,,,,,,,
24/04/2020,O,245,830.46,,,,,,33.22,,88.07,,40.88,,,,,,,20.78,33.22,33.22,,1.5,500,,,,,,,,,
30/04/2020,O,1,465.66,,,,,,18.63,,191.35,,36.46,,,,,,,11.81,18.63,18.63,103.84,1.5,100,,,,,,,,,
30/04/2020,O,4,463.92,,,,,,18.56,,184.59,,30.34,,,,18.47,,,11.75,18.56,18.56,104.34,1.5,200,,,,,,,,,
30/04/2020,O,7,201.8,,,,,,8.07,,151.98,,,,,6.19,,,,5.09,8.07,8.07,56.73,1.5,200,,400,,,,,,,
30/04/2020,O,11,140,,,,,,5.6,,159.23,,,,,,168.68,,,6.9,5.6,5.6,52.66,1.5,200,,600,,,,,,,
30/04/2020,O,24,898.92,,,,,,35.96,,,,,,,14.95,,,,24.36,35.96,35.96,,1.5,200,,400,,,,,,,
30/04/2020,O,31,1011.36,,,,,,40.45,,,,,,,62.72,,,,28.83,40.45,40.45,,,300,,2000,,,,,,,
30/04/2020,O,39,790,,,,,,31.6,,,,,,,232.42,,,,22.3,31.6,31.6,,,700,,1500,,,,,,,
30/04/2020,O,75,260,,,,,,10.4,,159.23,,,,,,99.21,,,6.73,10.4,10.4,,1.5,200,,500,,,,,,,
30/04/2020,O,136,194.51,,,,,,7.78,,151.98,,,4.45,,,5.51,,,4.9,7.78,7.78,46.74,1.5,200,,400,,,,,,,
30/04/2020,O,220,720,,,,,,28.8,,99.66,,,,,,141.93,,,18.2,28.8,28.8,,,200,,,,,,,,,
30/04/2020,O,231,220,,,,,,8.8,,168.41,,,,,,24.77,,,5.54,8.8,8.8,,1.5,400,,440,,,,,,,
30/04/2020,O,236,192.4,,,,,,7.7,,151.98,,,8.94,,,7.65,,,4.83,7.7,7.7,,1.5,80,,,,,,,,,
30/04/2020,O,245,830.46,,,,,,33.22,,178.09,,14.91,,,,,,,17.32,33.22,33.22,,1.5,500,,,,,,,,,
01/05/2020,O,1,465.66,,,,,,18.63,,93.68,,69.84,,,,,,,11.81,18.63,18.63,103.84,1.5,,,,,,,,,,
01/05/2020,O,4,463.92,,,,,,18.56,,93.68,,69.95,,,,,,,11.75,18.56,18.56,104.34,1.5,,,,,,,,,,
01/05/2020,O,7,1009,,,,,,40.36,,88.07,,29.46,,,,,,,25.45,40.36,40.36,283.66,1.5,,,,400,,,,,,
01/05/2020,O,11,1479.04,,,,,,59.16,,58.38,,,,,45.92,,,,34.48,59.16,59.16,263.3,1.5,,,,600,,,,,,
01/05/2020,O,24,1797.84,,,,,,71.91,,,,,,,138.98,,,,48.72,71.91,71.91,,1.5,,,,400,,,,,,
01/05/2020,O,31,6068.16,,,,,,242.73,,,,,,,1008.92,,,,172.98,242.73,242.73,,,,,,2000,,,,,,
01/05/2020,O,39,3950,,,,,,158,,,,,,,545.88,,,,111.46,158,158,,,,,,1500,,,,,,
01/05/2020,O,75,1322.5,,,,,,52.9,,67.84,,,,,19.42,,,,33.64,52.9,52.9,,1.5,,,,500,,,,,,
01/05/2020,O,136,972.55,,,,,,38.9,,88.07,,31.79,,,,,,,24.47,38.9,38.9,233.71,1.5,,,,400,,,,,,
01/05/2020,O,220,720,,,,,,28.8,,93.63,,53.52,,,,,,,18.2,28.8,28.8,,,,,,,,,,,,
01/05/2020,O,231,1100,,,,,,44,,74.81,,10.37,,,,,,,27.66,44,44,,1.5,,,,440,,,,,,
01/05/2020,O,236,1154.4,,,,,,46.18,,74.81,,5.83,,,,,,,29.03,46.18,46.18,,1.5,,,,,,,,,,
07/05/2020,O,1,931.32,,,,,,37.25,,88.07,,34.43,,,,,,,23.6,37.25,37.25,207.69,1.5,100,,,,,,,,,
07/05/2020,O,4,927.84,,,,,,37.11,,88.07,,34.65,,,,,,,23.52,37.11,37.11,208.68,1.5,200,,,,,,,,,
07/05/2020,O,7,1210.8,,,,,,48.43,,74.81,,,,,0.31,,,,30.52,48.43,48.43,340.39,1.5,200,,,,,,,,,
07/05/2020,O,11,1511.1,,,,,,60.44,,58.38,,,,,49.41,,,,41.38,60.44,60.44,315.96,1.5,200,,,,,,,,,
07/05/2020,O,24,2516.98,,,,,,100.68,,,,,,,248.34,,,,73.09,100.68,100.68,,1.5,200,,,,,,,,,
07/05/2020,O,31,7079.52,,,,,,283.18,,,,,,,1246.8,,,,201.81,283.18,283.18,,,300,,,,,,,,,
07/05/2020,O,39,5530,,,,,,221.2,,,,,,,883.37,,,,156.04,221.2,221.2,,,700,,,,,,,,,
07/05/2020,O,75,1582.5,,,,,,63.3,,58.38,,,,,57.17,,,,40.37,63.3,63.3,,1.5,200,,,,,,,,,
07/05/2020,O,136,1167.06,,,,,,46.68,,74.81,,4.45,,,,,,,29.34,46.68,46.68,280.45,1.5,200,,,,,,,,,
07/05/2020,O,220,1680,,,,,,67.2,,50.11,,,,,76.06,,,,42.48,67.2,67.2,,,200,,,,,,,,,
07/05/2020,O,231,1320,,,,,,52.8,,67.84,,,,,19.15,,,,33.2,52.8,52.8,,1.5,400,,,,,,,,,
07/05/2020,O,236,1346.8,,,,,,53.87,,67.84,,,,,22.07,,,,33.86,53.87,53.87,,1.5,80,,,,,,,,,
07/05/2020,O,245,830.46,,,,,,33.22,,88.07,,40.88,,,,,,,20.78,33.22,33.22,,1.5,500,,,,,,,,,
15/05/2020,O,1,777.04,,,,,,31.08,,93.63,,49.87,,,,,,,19.68,31.08,31.08,173.07,1.5,100,,,,,,,,,
15/05/2020,O,4,850.52,,,,,,34.02,,88.07,,39.6,,,,,,,19.6,34.02,34.02,173.9,1.5,200,,,,,,,,,
15/05/2020,O,7,1109.9,,,,,,44.4,,74.81,,9.74,,,,,,,25.44,44.4,44.4,283.66,1.5,200,,,,,,,,,
15/05/2020,O,11,1394.17,,,,,,55.77,,67.84,,,,,27.22,,,,34.48,55.77,55.77,263.3,1.5,200,,,,,,,,,
15/05/2020,O,24,2621.85,,,,,,104.87,,,,,,,267.13,,,,73.09,104.87,104.87,,1.5,200,,,,,,,,,
15/05/2020,O,31,7079.52,,,,,,283.18,,,,,,,1246.8,,,,201.81,283.18,283.18,,,300,,,,,,,,,
15/05/2020,O,39,5530,,,,,,221.2,,,,,,,883.37,,,,156.04,221.2,221.2,,,700,,,,,,,,,
15/05/2020,O,75,1450.63,,,,,,58.03,,58.38,,,,,42.83,,,,33.64,58.03,58.03,,1.5,200,,,,,,,,,
15/05/2020,O,136,1069.81,,,,,,42.79,,81.57,,19.07,,,,,,,24.47,42.79,42.79,233.71,1.5,200,,,,,,,,,
15/05/2020,O,220,1680,,,,,,67.2,,50.11,,,,,76.06,,,,42.48,67.2,67.2,,,200,,,,,,,,,
15/05/2020,O,231,1210,,,,,,48.4,,74.81,,,,,0.22,,,,27.66,48.4,48.4,,1.5,400,,,,,,,,,
15/05/2020,O,236,1346.8,,,,,,53.87,,67.84,,,,,22.07,,,,33.86,53.87,53.87,,1.5,80,,,,,,,,,
15/05/2020,O,245,682,,,,,,27.28,,93.63,,55.95,,,,,,,17.32,27.28,27.28,,1.5,500,,,,,,,,,
21/05/2020,E,1,0,,568.94,,,1303.2,,,,,,,,36.41,,,,,,,,,,,,,,,,,,
21/05/2020,E,4,0,,454.26,,,1303.2,,,,,,,,29.07,,,,,,,,,,,,,,,,,,
21/05/2020,E,7,0,,757.96,,,1303.2,,,,,,,,82.47,,,,,,,,,,,,767.5,,,,,,
21/05/2020,E,11,0,,1135.18,,,1303.2,,,,,,,,123.51,,,,,,,,,,,,,,,,,,
21/05/2020,E,24,0,,1962.23,,,1303.2,,,,,,,,419.13,,,,,,,,,,,,,,,,,,
21/05/2020,E,31,0,,4495.47,,,1303.2,,,,,,,,1057.33,,,,,,,,,,,,,,,,,,
21/05/2020,E,75,0,,948.72,,,1303.2,,,,,,,,103.22,,,,,,,,,,,,,,,,,,
21/05/2020,E,136,0,,821.48,,,1303.2,,,,,,,,89.38,,,,,,,,,,,,550,,,,,,
21/05/2020,E,220,0,,2238.73,,,1303.2,,,,,,,,243.57,,,,,,,,,,,,,,,,,,
21/05/2020,E,231,0,,850.5,,,1303.2,,,,,,,,92.53,,,,,,,,,,,,,,,,,,
21/05/2020,E,236,0,,840.36,,,1303.2,,,,,,,,91.43,,,,,,,,,,,,,,,,,,
21/05/2020,E,245,0,,498.1,,,1303.2,,,,,,,,31.88,,,,,,,,,,,,,,,,,,
22/05/2020,O,1,565.12,,,,,,22.6,,93.68,,63.48,,,,,,,19.68,22.6,22.6,173.07,1.5,100,,,,,,,,,
22/05/2020,O,4,618.56,,,,,,24.74,,93.63,,60.01,,,,,,,19.6,24.74,24.74,173.9,1.5,200,,,,,,,,,
22/05/2020,O,7,807.2,,,,,,32.29,,90.44,,44.75,,,,,,,25.44,32.29,32.29,283.66,1.5,200,,,,,,,,,
22/05/2020,O,11,1079.36,,,,,,43.17,,81.57,,18.45,,,,,,,34.48,43.17,43.17,263.3,1.5,200,,,,,,,,,
22/05/2020,O,24,1797.84,,,,,,71.91,,,,,,,138.98,,,,60.91,71.91,71.91,,1.5,200,,,,,,,,,
22/05/2020,O,31,7079.52,,,,,,283.18,,,,,,,1246.8,,,,201.81,283.18,283.18,,,300,,,,,,,,,
22/05/2020,O,39,5530,,,,,,221.2,,,,,,,883.37,,,,156.04,221.2,221.2,,,700,,,,,,,,,
22/05/2020,O,75,1055,,,,,,42.2,,81.57,,20.01,,,,,,,33.64,42.2,42.2,,1.5,200,,,,,,,,,
22/05/2020,O,136,778.04,,,,,,31.12,,93.63,,49.8,,,,,,,24.47,31.12,31.12,233.71,1.5,200,,,,,,,,,
22/05/2020,O,220,1680,,,,,,67.2,,50.11,,,,,76.06,,,,42.48,67.2,67.2,,,200,,,,,,,,,
22/05/2020,O,231,880,,,,,,35.2,,88.07,,37.71,,,,,,,27.66,35.2,35.2,,1.5,400,,,,,,,,,
22/05/2020,O,236,1346.8,,,,,,53.87,,67.84,,,,,22.07,,,,33.86,53.87,53.87,,1.5,80,,,,,,,,,
22/05/2020,O,245,506,,,,,,20.24,,93.68,,67.26,,,,,,,17.32,20.24,20.24,,1.5,500,,,,,,,,,
29/05/2020,O,1,706.4,,,,,,28.26,,13.4,,,68.47,,,36.41,,,19.68,28.26,28.26,173.07,1.5,100,,,,,,,,,
29/05/2020,O,4,773.2,,,,,,30.93,,19.01,,,59.78,,,29.07,,,19.6,30.93,30.93,173.9,1.5,200,,,,,,,,,
29/05/2020,O,7,1009,,,,,,40.36,,,33.5,,83.95,33.5,,82.78,,,25.45,40.36,40.36,283.66,1.5,200,,,96.25,,,,,,
29/05/2020,O,11,1349.2,,,,,,53.97,,,266.17,,18.45,18.45,,4.26,247.72,,34.48,53.97,53.97,263.3,1.5,200,,,,,,,,,
29/05/2020,O,24,2247.3,,,,,,89.89,,,,,,,,124.93,,,60.91,89.89,89.89,,1.5,200,,,479.17,,,,,,
29/05/2020,O,31,7079.52,,,,,,283.18,,,,,,,1246.8,,,,201.81,283.18,283.18,,,300,,,,,,,,,
29/05/2020,O,39,5530,,,,,,221.2,,,,,,,883.37,,,,156.04,221.2,221.2,,,700,,,,,,,,,
29/05/2020,O,75,1318.75,,,,,,52.75,,,266.17,,20.01,20.01,10.08,,246.16,,33.64,52.75,52.75,,1.5,200,,,,,,,,,
29/05/2020,O,136,972.55,,,,,,38.9,,,43.45,,105.11,105.11,,27.72,,,24.47,38.9,38.9,233.71,1.5,200,,,,,,,,,
29/05/2020,O,220,1680,,,,,,67.2,,,243.96,,53.52,53.52,76.06,,190.44,,42.48,67.2,67.2,,,200,,,,,,,,,
29/05/2020,O,231,1100,,,,,,44,,,51.99,,48.08,48.08,,42.06,3.91,,27.66,44,44,,1.5,400,,,,,,,,,
29/05/2020,O,236,1346.8,,,,,,53.87,,,278.33,,5.83,5.83,22.07,,272.5,,33.86,53.87,53.87,,1.5,80,,,,,,,,,
29/05/2020,O,245,620,,,,,,24.8,,131.24,,65.41,,,,31.88,,,17.32,24.8,24.8,,1.5,500,,,,,,,,,
05/06/2020,O,1,706.4,,,,,,28.26,,93.63,,54.39,,,,,,,19.68,28.26,28.26,173.07,1.5,100,,,,,,,,,
05/06/2020,O,4,773.2,,,,,,30.93,,93.63,,50.11,,,,,,,19.6,30.93,30.93,173.9,1.5,200,,,,,,,,,
05/06/2020,O,7,1009,,,,,,40.36,,88.07,,29.46,,,,,,,25.44,40.36,40.36,283.66,1.5,200,,,96.25,,,,,,
05/06/2020,O,11,1349.2,,,,,,53.97,,67.84,,,,,22.33,,,,34.48,53.97,53.97,263.3,1.5,200,,,,,,,,,
05/06/2020,O,24,2247.3,,,,,,89.89,,,,,,,201.21,,,,60.91,89.89,89.89,,1.5,200,,,479.17,,,,,,
05/06/2020,O,31,7079.52,,,,,,283.18,,,,,,,1246.8,,,,201.81,283.18,283.18,,,300,,,,,,,,,
05/06/2020,O,39,5530,,,,,,221.2,,,,,,,883.37,,,,156.04,221.2,221.2,,,700,,,,,,,,,
05/06/2020,O,75,1318.75,,,,,,52.75,,67.84,,,,,19.02,,,,33.64,52.75,52.75,,1.5,200,,,,,,,,,
05/06/2020,O,136,972.55,,,,,,38.9,,88.07,,31.79,,,,,,,24.47,38.9,38.9,233.71,1.5,200,,,,,,,,,
05/06/2020,O,220,1680,,,,,,67.2,,50.11,,,,,76.06,,,,42.48,67.2,67.2,,,200,,,,,,,,,
05/06/2020,O,231,1100,,,,,,44,,74.81,,10.37,,,,,,,27.66,44,44,,1.5,400,,,,,,,,,
05/06/2020,O,236,1346.8,,,,,,53.87,,67.84,,,,,22.07,,,,33.86,53.87,53.87,,1.5,80,,,,,,,,,
05/06/2020,O,245,620,,,,,,24.8,,93.63,,59.92,,,,,,,17.32,24.8,24.8,,1.5,500,,,,,,,,,
12/06/2020,O,4,773.2,,,,,,30.93,,93.63,,50.11,,,,,,,19.6,30.93,30.93,173.9,1.5,200,,,,,,,,,
12/06/2020,O,7,1009,,,,,,40.36,,88.07,,29.46,,,,,,,25.44,40.36,40.36,283.66,1.5,200,,,96.25,,,,,,
12/06/2020,O,11,1888.88,,,,,,75.56,,,,,,,148.89,,,,48.28,75.56,75.56,368.63,1.5,200,,,,,,,,,
12/06/2020,O,24,2247.3,,,,,,89.89,,,,,,,201.21,,,,60.91,89.89,89.89,,1.5,200,,,479.17,,,,,,
12/06/2020,O,31,7079.52,,,,,,283.18,,,,,,,1246.8,,,,201.81,283.18,283.18,,,300,,,,,,,,,
12/06/2020,O,39,5530,,,,,,221.2,,,,,,,883.37,,,,156.04,221.2,221.2,,,700,,,,,,,,,
12/06/2020,O,75,1318.75,,,,,,52.75,,67.84,,,,,19.02,,,,33.64,52.75,52.75,,1.5,200,,,,,,,,,
12/06/2020,O,136,972.55,,,,,,38.9,,88.07,,31.79,,,,,,,24.47,38.9,38.9,233.71,1.5,200,,,,,,,,,
12/06/2020,O,220,1680,,,,,,67.2,,50.11,,,,,76.06,,,,42.48,67.2,67.2,,,200,,,,,,,,,
12/06/2020,O,231,1540,,,,,,61.6,,58.38,,,,,52.55,,,,38.73,61.6,61.6,,1.5,400,,,,,,,,,
12/06/2020,O,236,1346.8,,,,,,53.87,,67.84,,,,,22.07,,,,33.86,53.87,53.87,,1.5,80,,,,,,,,,
12/06/2020,O,245,620,,,,,,24.8,,93.63,,59.92,,,,,,,17.32,24.8,24.8,,1.5,500,,,,,,,,,
19/06/2020,O,4,695.88,,,,,,27.84,,93.63,,55.06,,,,,,,19.6,27.84,27.84,173.9,1.5,200,,,,,,,,,
19/06/2020,O,7,908.1,,,,,,36.32,,88.07,,35.92,,,,,,,25.44,36.32,36.32,283.66,1.5,200,,,143.75,,,,,,
19/06/2020,O,11,1214.28,,,,,,48.57,,74.81,,,,,0.69,,,,34.48,48.57,48.57,263.3,1.5,200,,,,,,,,,
19/06/2020,O,24,2022.57,,,,,,80.9,,,,,,,165.26,,,,60.91,80.9,80.9,,1.5,200,,,,,,,,,
19/06/2020,O,31,7079.52,,,,,,283.18,,,,,,,1246.8,,,,201.81,283.18,283.18,,,300,,,,,,,,,
19/06/2020,O,39,5530,,,,,,221.2,,,,,,,883.37,,,,156.04,221.2,221.2,,,700,,,,,,,,,
19/06/2020,O,75,1186.88,,,,,,47.48,,74.81,,2.29,,,,,,,33.64,47.48,47.48,,1.5,200,,,,,,,,,
19/06/2020,O,136,875.3,,,,,,35.01,,88.07,,38.01,,,,,,,24.47,35.01,35.01,233.71,1.5,200,,,,,,,,,
19/06/2020,O,220,1680,,,,,,67.2,,50.11,,,,,76.06,,,,42.48,67.2,67.2,,,200,,,,,,,,,
19/06/2020,O,231,990,,,,,,39.6,,88.07,,30.67,,,,,,,27.66,39.6,39.6,,1.5,400,,,,,,,,,
19/06/2020,O,236,1346.8,,,,,,53.87,,67.84,,,,,22.07,,,,33.86,53.87,53.87,,1.5,80,,,,,,,,,
19/06/2020,O,245,558,,,,,,22.32,,93.68,,63.93,,,,,,,17.32,22.32,22.32,,1.5,500,,,,,,,,,
26/06/2020,O,4,695.88,,,,,,27.84,,125.73,,89.21,,,,,,,23.52,27.84,27.84,208.68,1.5,200,,,,,,,,,
26/06/2020,O,7,908.1,,,,,,36.32,,118.25,,68.15,,,,,,,30.52,36.32,36.32,340.39,1.5,200,,,143.75,,,,,,
26/06/2020,O,11,1214.28,,,,,,48.57,,151.98,,,,,,95.91,,,41.38,48.57,48.57,315.96,1.5,200,,,,,,,,,
26/06/2020,O,24,2022.57,,,,,,80.9,,,,,,,115.55,,,,73.09,80.9,80.9,,1.5,200,,,,,,,,,
26/06/2020,O,31,7079.52,,,,,,283.18,,,,,,,1246.8,,,,201.81,283.18,283.18,,,300,,,,,,,,,
26/06/2020,O,39,5530,,,,,,221.2,,,,,,,883.37,,,,156.04,221.2,221.2,,,700,,,,,,,,,
26/06/2020,O,75,1186.88,,,,,,47.48,,114.38,,23.25,,,,38.04,,,40.37,47.48,47.48,,1.5,200,,,,,,,,,
26/06/2020,O,136,875.3,,,,,,35.01,,118.25,,70.26,,,,,,,29.34,35.01,35.01,280.45,1.5,200,,,,,,,,,
26/06/2020,O,220,1680,,,,,,67.2,,103.21,,,,,76.06,,,,42.48,67.2,67.2,,,200,,,,,,,,,
26/06/2020,O,231,990,,,,,,39.6,,132.97,,43.43,,,,52.55,,,33.2,39.6,39.6,,1.5,400,,,,,,,,,
26/06/2020,O,236,1346.8,,,,,,53.87,,91.11,,,,,,20.61,,,33.86,53.87,53.87,,1.5,80,,,,,,,,,
26/06/2020,O,245,558,,,,,,22.32,,125.89,,98.19,,,,,,,20.78,22.32,22.32,,1.5,500,,,,,,,,,
03/07/2020,O,1,635.76,,,,,,25.43,,80.63,,44.91,,,,,,,19.68,25.43,25.43,173.07,1.5,200,,,,,,,,,
03/07/2020,O,4,695.88,,,,,,27.84,,77.63,,39.06,,,,,,,19.6,27.84,27.84,173.9,1.5,200,,,,,,,,,
03/07/2020,O,7,908.1,,,,,,36.32,,70.07,,16.92,,,,,,,25.44,36.32,36.32,283.66,1.5,200,,,143.75,,,,,,
03/07/2020,O,11,1214.28,,,,,,48.57,,58.81,,,,,20.69,,,,34.48,48.57,48.57,263.3,1.5,200,,,,,,,,,
03/07/2020,O,24,2022.57,,,,,,80.9,,,,,,,185.26,,,,60.91,80.9,80.9,,1.5,200,,,,,,,,,
03/07/2020,O,31,7079.52,,,,,,283.18,,,,,,,1246.8,,,,201.81,283.18,283.18,,,300,,,,,,,,,
03/07/2020,O,39,5530,,,,,,221.2,,,,,,,883.37,,,,156.04,221.2,221.2,,,700,,,,,,,,,
03/07/2020,O,75,1186.88,,,,,,47.48,,58.81,,,,,,,,,33.64,47.48,47.48,,1.5,200,,,,,,,,,
03/07/2020,O,136,875.3,,,,,,35.01,,76.07,,25.01,,,,,,,24.47,35.01,35.01,233.71,1.5,200,,,,,,,,,
03/07/2020,O,220,1680,,,,,,67.2,,,,,,,76.06,,,,42.48,67.2,67.2,,,200,,,,,,,,,
03/07/2020,O,231,990,,,,,,39.6,,64.07,,5.67,,,,,,,27.66,39.6,39.6,,1.5,400,,,,,,,,,
03/07/2020,O,236,1346.8,,,,,,53.87,,49.84,,,,,22.07,,,,33.86,53.87,53.87,,1.5,80,,,,,,,,,
03/07/2020,O,245,558,,,,,,22.32,,80.68,,49.93,,,,,,,17.32,22.32,22.32,,1.5,500,,,,,,,,,
04/07/2020,E,235,0,,1022.66,,,1303.2,,,,,,,,111.27,,,,,,,,,,,,,,,,,,
05/07/2020,E,136,0,,,,,,,,,,,,,,,,,,,,,,,1500,,,,,,,,
10/07/2020,O,1,635.76,,,,,,25.43,,80.63,,44.91,,,,,,,19.68,25.43,25.43,173.07,1.5,200,,,,,,,,,
10/07/2020,O,4,695.88,,,,,,27.84,,77.63,,39.06,,,,,,,19.6,27.84,27.84,173.9,1.5,200,,,,,,,,,
10/07/2020,O,7,908.1,,,,,,36.32,,70.07,,16.92,,,,,,,25.44,36.32,36.32,283.66,1.5,200,,,143.75,,,,,,
10/07/2020,O,11,1888.88,,,,,,75.56,,,16,,,,168.89,,16,,48.28,75.56,75.56,368.63,1.5,200,,,,,,,,,
10/07/2020,O,24,2022.57,,,,,,80.9,,,,,,,185.26,,,,60.91,80.9,80.9,,1.5,200,,,,,,,,,
10/07/2020,O,31,2277,,,,,,91.08,,,,,,,205.96,,,,69.52,91.08,91.08,,,300,,,,,,,,,
10/07/2020,O,39,1777.5,,,,,,71.1,,,,,,,136.77,,,,53.12,71.1,71.1,,,700,,,,,,,,,
10/07/2020,O,75,1186.88,,,,,,47.48,,58.81,,,,,,,,,33.64,47.48,47.48,,1.5,200,,,,,,,,,
10/07/2020,O,136,875.3,,,,,,35.01,,76.07,,25.01,,,,,,,24.47,35.01,35.01,233.71,1.5,200,,,,,,,,,
10/07/2020,O,220,1080,,,,,,43.2,,31.46,,18.41,,,,,,,30.33,43.2,43.2,,,200,,,,,,,,,
10/07/2020,O,231,990,,,,,,39.6,,64.07,,5.67,,,,,,,27.66,39.6,39.6,,1.5,400,,,,,,,,,
10/07/2020,O,236,865.8,,,,,,34.63,,70.07,,38.62,,,,,,,24.2,34.63,34.63,,1.5,80,,,,,,,,,
10/07/2020,O,245,558,,,,,,22.32,,80.68,,49.93,,,,,,,17.32,22.32,22.32,,1.5,500,,,,,,,,,
17/07/2020,O,1,582.21,,,,,,23.29,,81.68,,49.38,,,,,,,16.42,23.29,23.29,173.07,1.5,200,,,,,,,,,
17/07/2020,O,4,582.21,,,,,,23.29,,83.68,,50.88,,,,,,,16.39,23.29,23.29,173.9,1.5,200,1000,,,,,,,,
17/07/2020,O,7,582.21,,,,,,23.29,,79.68,,48.38,,,,,,,16.31,23.29,23.29,283.66,1.5,200,1500,,43.75,,,,,,
17/07/2020,O,11,582.21,,,,,,23.29,,93.68,,13.38,,,,63,,,16.3,23.29,23.29,263.3,1.5,200,,,,,,,,,
17/07/2020,O,24,866.84,,,,,,34.67,,84.57,,3.56,,,,46,,,24.28,34.67,34.67,,1.5,200,,,,,,,,,
17/07/2020,O,31,1950.48,,,,,,78.02,,,,,,,155.59,,,,58.8,78.02,78.02,,,300,,,,,,,,,
17/07/2020,O,39,1523.57,,,,,,60.94,,,,,,,50.76,,,,44.79,60.94,60.94,,,,,,,,,,,,
17/07/2020,O,75,582.21,,,,,,23.29,,88.28,,48.38,,,,,,,16.31,23.29,23.29,,1.5,200,,,,,,,,,
17/07/2020,O,136,582.21,,,,,,23.29,,80.21,,48.28,,,,,,,16.27,23.29,23.29,233.71,1.5,200,,,,,,,,,
17/07/2020,O,220,582.21,,,,,,23.29,,107.59,,24.44,,,,25,,,16.35,23.29,23.29,,,,,,,,,,,,
17/07/2020,O,231,582.21,,,,,,23.29,,84.77,,52.84,,,,,,,16.3,23.29,23.29,,1.5,400,,,,,,,,,
17/07/2020,O,236,582.21,,,,,,23.29,,87.52,,38.79,,,,7.36,,,16.3,23.29,23.29,,1.5,80,,,,,,,,,
17/07/2020,O,245,558,,,,,,22.32,,81.75,,51.37,,,,,,,16.27,22.32,22.32,,1.5,500,,,,,,,,,
20/07/2020,E,136,0,,,,,,,,,,,,,,,,,,,,,,,1000,,,,,,,,
24/07/2020,O,1,582.21,,,,,,23.29,,81.68,,49.38,,,,,,,19.69,23.29,23.29,207.69,1.5,100,,,,,,,,,
24/07/2020,O,4,582.21,,,,,,23.29,,83.68,,50.88,,,,,,,19.68,23.29,23.29,208.68,1.5,200,,,,,,,,,
24/07/2020,O,7,582.21,,,,,,23.29,,79.68,,48.38,,,,,,,19.57,23.29,23.29,340.39,1.5,200,,,43.75,,,,,,
24/07/2020,O,11,754.72,,,,,,30.19,,93.63,,,,,,63,,,19.54,30.19,30.19,315.96,1.5,200,,,,,,,,,
24/07/2020,O,24,866.84,,,,,,34.67,,84.57,,,,,,46,,,29.14,34.67,34.67,,1.5,200,,,,,,,,,
24/07/2020,O,31,1950.48,,,,,,78.02,,,,,,,155.59,,,,70.56,78.02,78.02,,,300,,,,,,,,,
24/07/2020,O,39,1523.57,,,,,,60.94,,,,,,,50.76,,,,53.74,60.94,60.94,,,,,,,,,,,,
24/07/2020,O,75,582.21,,,,,,23.29,,88.28,,48.38,,,,,,,19.57,23.29,23.29,,1.5,200,,,,,,,,,
24/07/2020,O,136,582.21,,,,,,23.29,,80.21,,48.28,,,,,,,19.53,23.29,23.29,280.45,1.5,200,,,,,,,,,
24/07/2020,O,220,582.21,,,,,,23.29,,107.59,,24.44,,,,25,,,19.62,23.29,23.29,,,,,,,,,,,,
24/07/2020,O,231,582.21,,,,,,23.29,,84.77,,52.84,,,,,,,19.54,23.29,23.29,,1.5,400,,,,,,,,,
24/07/2020,O,236,582.21,,,,,,23.29,,87.52,,38.79,,,,7.36,,,19.54,23.29,23.29,,1.5,80,,,,,,,,,
24/07/2020,O,245,558,,,,,,22.32,,81.75,,51.37,,,,,,,19.53,22.32,22.32,,1.5,500,,,,,,,,,
31/07/2020,O,1,582.21,,,,,,23.29,,82,,50.79,,,,,,,16.42,23.29,23.29,173.07,1.5,100,,,,,,,,,
31/07/2020,O,4,582.21,,,,,,23.29,,84,,51.8,,,,,,,22.95,23.29,23.29,243.45,1.5,200,1000,,,,,,,,
31/07/2020,O,7,582.21,,,,,,23.29,,82.96,,49.75,,,,,,,22.84,23.29,23.29,397.12,1.5,200,1000,,,,,,,,
31/07/2020,O,11,754.72,,,,,,30.19,,94.75,,,7.81,,,63.58,,,19.54,30.19,30.19,315.96,1.5,200,,,,,,,,,
31/07/2020,O,24,866.84,,,,,,34.67,,84.4,,,3.56,,,54.91,,,34,34.67,34.67,,1.5,200,,,,,,,,,
31/07/2020,O,31,1950.48,,,,,,78.02,,,,,,,155.59,,,,82.31,78.02,78.02,,,300,,,,,,,,,
31/07/2020,O,39,1523.57,,,,,,60.94,,,,,,,50.76,,,,62.71,60.94,60.94,,,,,,,,,,,,
31/07/2020,O,75,582.21,,,,,,23.29,,88.28,,47.91,,,,,,,22.84,23.29,23.29,,1.5,200,,,,,,,,,
31/07/2020,O,136,582.21,,,,,,23.29,,80.21,,48.28,,,,,,,22.77,23.29,23.29,327.2,1.5,200,,,,,,,,,
31/07/2020,O,220,582.21,,,,,,23.29,,107.59,,24.43,,,,25,,,22.88,23.29,23.29,,,,,,,,,,,,
31/07/2020,O,231,582.21,,,,,,23.29,,84.78,,52.85,,,,,,,22.8,23.29,23.29,,1.5,400,,,,,,,,,
31/07/2020,O,236,582.21,,,,,,23.29,,87.51,,38.79,,,,7.36,,,22.8,23.29,23.29,,1.5,80,,,,,,,,,
31/07/2020,O,245,558,,,,,,22.32,,81.76,,51.38,,,,,,,22.77,22.32,22.32,,1.5,500,,,,,,,,,
04/08/2020,E,31,0,,,,,,,,,,,,,,,,,,,,,,,4500,,,,,,,,
07/08/2020,O,1,582.21,,,,,,23.29,,93.68,,62.38,,,,,,,16.42,23.29,23.29,173.07,1.5,100,,,,,,,,,
07/08/2020,O,4,711.59,,,,,,28.46,,93.63,,54.06,,,,,,,19.68,28.46,28.46,208.68,1.5,200,,,,,85.28,,,,
07/08/2020,O,7,582.21,,,,,,23.29,,93.68,,62.38,,,,,,,16.31,23.29,23.29,283.66,1.5,200,,,,,,,,,
07/08/2020,O,11,754.72,,,,,,30.19,,93.63,,51.3,,,,,,,19.54,30.19,30.19,315.96,1.5,200,,,,,,,,,
07/08/2020,O,24,866.84,,,,,,34.67,,88.07,,38.56,,,,,,,24.28,34.67,34.67,,1.5,200,,,,,,,,,
07/08/2020,O,31,1950.48,,,,,,78.02,,,,,,,155.59,,,,58.8,78.02,78.02,,,300,4500,,,,,,,,
07/08/2020,O,39,1523.57,,,,,,60.94,,58.38,,,,,50.76,,,,44.79,60.94,60.94,,,,,,,,,,,,
07/08/2020,O,75,711.59,,,,,,28.46,,93.63,,54.06,,,,,,,19.57,28.46,28.46,,1.5,200,,,,,,,,,
07/08/2020,O,136,582.21,,,,,,23.29,,93.68,,62.38,,,,,,,16.27,23.29,23.29,233.71,1.5,200,,,,,,,,,
07/08/2020,O,220,582.21,,,,,,23.29,,93.68,,62.38,,,,,,,16.35,23.29,23.29,,,,,,,,,,,,
07/08/2020,O,231,776.28,,,,,,31.05,,93.63,,49.92,,,,,,,19.54,31.05,31.05,,1.5,400,,,,,,,,,
07/08/2020,O,236,582.21,,,,,,23.29,,93.68,,62.38,,,,,,,16.3,23.29,23.29,,1.5,80,,,,,,,,,
07/08/2020,O,245,558,,,,,,22.32,,93.68,,63.93,,,,,,,16.27,22.32,22.32,,1.5,500,,,,,,,,,
14/08/2020,O,1,582.21,,,,,,23.29,,93.68,,62.38,,,,,,,16.42,23.29,23.29,173.07,1.5,100,,,,,,,,,
14/08/2020,O,4,582.21,,,,,,23.29,,93.68,,62.38,,,,,,,16.39,23.29,23.29,173.9,1.5,200,,,,,,,,,
14/08/2020,O,7,582.21,,,,,,23.29,,93.68,,62.38,,,,,,,16.31,23.29,23.29,283.66,1.5,200,,,,,,,,,
14/08/2020,O,11,754.72,,,,,,30.19,,93.63,,51.3,,,,,,,19.54,30.19,30.19,315.96,1.5,200,,,,,,,,,
14/08/2020,O,24,963.15,,,,,,38.53,,88.07,,32.39,,,,,,,24.28,38.53,38.53,,1.5,200,,,,,,,,,
14/08/2020,O,31,1950.48,,,,,,78.02,,,,,,,155.59,,,,58.8,78.02,78.02,,,300,,,,,,,,,
14/08/2020,O,39,1523.57,,,,,,60.94,,58.38,,,,,50.76,,,,44.79,60.94,60.94,,,,,,,,,,,,
14/08/2020,O,75,582.21,,,,,,23.29,,93.68,,62.38,,,,,,,16.31,23.29,23.29,,1.5,200,,,,,,,,,
14/08/2020,O,136,776.28,,,,,,31.05,,93.63,,49.92,,,,,,,19.53,31.05,31.05,280.45,1.5,200,,,,,,,,,
14/08/2020,O,220,582.21,,,,,,23.29,,93.68,,62.38,,,,,,,16.35,23.29,23.29,,,,,,,,,,,,
14/08/2020,O,231,776.28,,,,,,31.05,,93.63,,49.92,,,,,,,19.54,31.05,31.05,,1.5,400,,,,,,,,,
14/08/2020,O,236,582.21,,,,,,23.29,,93.68,,62.38,,,,,,,16.3,23.29,23.29,,1.5,80,,,,,,,,,
14/08/2020,O,245,558,,,,,,22.32,,93.68,,63.93,,,,,,,16.27,22.32,22.32,,1.5,500,,,,,,,,,
21/08/2020,O,1,776.28,,,,,,31.05,,93.63,,49.92,,,,,,,19.69,31.05,31.05,207.69,1.5,100,,,,,,,,,
21/08/2020,O,4,582.21,,,,,,23.29,,93.68,,62.38,,,,,,,16.39,23.29,23.29,173.9,1.5,200,,,,,,,,,
21/08/2020,O,7,776.28,,,,,,31.05,,93.63,,49.92,,,,,,,19.57,31.05,31.05,340.39,1.5,200,,,,,,,,,
21/08/2020,O,11,754.72,,,,,,30.19,,93.63,,51.3,,,,,,,19.54,30.19,30.19,315.96,1.5,200,,,,,,,,,
21/08/2020,O,24,1059.47,,,,,,42.38,,81.57,,19.73,,,,,,,29.14,42.38,42.38,,1.5,200,,,,,,,,,
21/08/2020,O,31,1950.48,,,,,,78.02,,,,,,,155.59,,,,58.8,78.02,78.02,,,300,,,,,,,,,
21/08/2020,O,39,1523.57,,,,,,60.94,,58.38,,,,,50.76,,,,44.79,60.94,60.94,,,,,,,,,,,,
21/08/2020,O,75,582.21,,,,,,23.29,,93.68,,62.38,,,,,,,16.31,23.29,23.29,,1.5,200,,,,,,,,,
21/08/2020,O,136,582.21,,,,,,23.29,,93.68,,62.38,,,,,,,16.27,23.29,23.29,233.71,1.5,200,,,,,,,,,
21/08/2020,O,220,582.21,,,,,,23.29,,93.68,,62.38,,,,,,,16.35,23.29,23.29,,,,,,,,,,,,
21/08/2020,O,231,582.21,,,,,,23.29,,93.68,,62.38,,,,,,,16.3,23.29,23.29,,1.5,400,,,,,,,,,
21/08/2020,O,236,582.21,,,,,,23.29,,93.68,,62.38,,,,,,,16.3,23.29,23.29,,1.5,80,,,,,,,,,
21/08/2020,O,245,558,,,,,,22.32,,93.68,,63.93,,,,,,,16.27,22.32,22.32,,1.5,500,,,,,,,,,
28/08/2020,O,1,776.28,,,,,,31.05,,125.63,,83.97,,,,,,,19.69,31.05,31.05,207.69,1.5,100,,,,,,,,,
28/08/2020,O,4,582.21,,,,,,23.29,,125.84,,96.6,,,,,,,16.39,23.29,23.29,173.9,1.5,200,,,,,,,,,
28/08/2020,O,7,776.28,,,,,,31.05,,125.63,,83.97,,,,,,,19.57,31.05,31.05,340.39,1.5,200,700,,,,,,,,
28/08/2020,O,11,776.28,,,,,,31.05,,125.73,,84.05,,,,,,,19.54,31.05,31.05,315.96,1.5,200,,,,,,,,,
28/08/2020,O,24,1155.78,,,,,,46.23,,124.75,,58.8,,,,,,,29.14,46.23,46.23,,1.5,200,,,,,,,,,
28/08/2020,O,31,1950.48,,,,,,78.02,,,,,,,155.59,,,,70.56,78.02,78.02,,,300,,,,,,,,,
28/08/2020,O,39,1523.57,,,,,,60.94,,119.49,,,,,50.76,,,,53.74,60.94,60.94,,,,,,,,,,,,
28/08/2020,O,75,776.28,,,,,,31.05,,125.84,,84.18,,,,,,,19.57,31.05,31.05,,1.5,200,,,,,,,,,
28/08/2020,O,136,582.21,,,,,,23.29,,125.84,,96.6,,,,,,,16.27,23.29,23.29,233.71,1.5,200,,,,,,,,,
28/08/2020,O,220,582.21,,,,,,23.29,,125.79,,96.56,,,,,,,19.62,23.29,23.29,,,,,,,,,,,,
28/08/2020,O,231,776.28,,,,,,31.05,,125.68,,84.01,,,,,,,19.54,31.05,31.05,,1.5,400,,,,,,,,,
28/08/2020,O,236,582.21,,,,,,23.29,,125.79,,96.56,,,,,,,19.54,23.29,23.29,,1.5,80,,,,,,,,,
28/08/2020,O,245,558,,,,,,22.32,,125.79,,98.11,,,,,,,19.53,22.32,22.32,,1.5,500,,,,,,,,,
02/09/2020,E,7,0,,,,,,,,,,,,,,,,,,,,,,,,,,200,,,,,
04/09/2020,O,4,582.21,,,,,,23.29,,93.68,,62.38,,,,,,,16.39,23.29,23.29,100.77,1.5,200,1000,,,,,,,,
04/09/2020,O,7,776.28,,,,,,31.05,,93.63,,49.92,,,,,,,19.57,31.05,31.05,196.19,1.5,200,600,,,,200,,,,
04/09/2020,O,11,646.9,,,,,,25.88,,93.63,,58.2,,,,,,,16.3,25.88,25.88,263.3,1.5,200,,,,,,,,,
04/09/2020,O,24,1059.47,,,,,,42.38,,81.57,,19.73,,,,,,,29.14,42.38,42.38,,1.5,200,,,,,,,,,
04/09/2020,O,31,1950.48,,,,,,78.02,,,,,,,155.59,,,,58.8,78.02,78.02,,,300,,,,,,,,,
04/09/2020,O,39,1523.57,,,,,,60.94,,58.38,,,,,50.76,,,,44.79,60.94,60.94,,,,,,,,,,,,
04/09/2020,O,75,646.9,,,,,,25.88,,93.63,,58.2,,,,,,,16.31,25.88,25.88,,1.5,200,,,,,,,,,
04/09/2020,O,136,776.28,,,,,,31.05,,93.63,,49.92,,,,,,,19.53,31.05,31.05,280.45,1.5,200,1000,,,,,,,,
04/09/2020,O,220,582.21,,,,,,23.29,,93.68,,62.38,,,,,,,16.35,23.29,23.29,,,,,,,,,,,,
04/09/2020,O,231,776.28,,,,,,31.05,,93.63,,49.92,,,,,,,19.54,31.05,31.05,,1.5,400,,,,,,,,,
04/09/2020,O,236,582.21,,,,,,23.29,,93.68,,62.38,,,,,,,16.3,23.29,23.29,,1.5,80,,,,,,,,,
04/09/2020,O,245,620,,,,,,24.8,,93.63,,59.92,,,,,,,16.27,24.8,24.8,,1.5,500,,,,,,,,,
11/09/2020,O,4,646.9,,,,,,25.88,,93.63,,58.2,,,,,,,16.39,25.88,25.88,100.77,1.5,200,,,,,,,,,
11/09/2020,O,7,776.28,,,,,,31.05,,93.63,,49.92,,,,,,,19.57,31.05,31.05,196.19,1.5,200,,,,,,,,,
11/09/2020,O,11,646.9,,,,,,25.88,,93.63,,58.2,,,,,,,16.3,25.88,25.88,263.3,1.5,200,,,,,,,,,
11/09/2020,O,24,1155.78,,,,,,46.23,,74.81,,5.68,,,,,,,29.14,46.23,46.23,,1.5,200,,,,,,,,,
11/09/2020,O,31,1950.48,,,,,,78.02,,,,,,,155.59,,,,58.8,78.02,78.02,,,300,,,,,,,,,
11/09/2020,O,39,1523.57,,,,,,60.94,,58.38,,,,,50.76,,,,44.79,60.94,60.94,,,,,,,,,,,,
11/09/2020,O,75,582.21,,,,,,23.29,,93.68,,62.38,,,,,,,16.31,23.29,23.29,,1.5,200,,,,,,,,,
11/09/2020,O,136,711.59,,,,,,28.46,,93.63,,54.06,,,,,,,19.53,28.46,28.46,280.45,1.5,200,,,,,,,,,
11/09/2020,O,220,582.21,,,,,,23.29,,93.68,,62.38,,,,,,,16.35,23.29,23.29,,,,,,,,,,,,
11/09/2020,O,231,776.28,,,,,,31.05,,93.63,,49.92,,,,,,,19.54,31.05,31.05,,1.5,400,,,,,,,,,
11/09/2020,O,236,582.21,,,,,,23.29,,93.68,,62.38,,,,,,,16.3,23.29,23.29,,1.5,80,,,,,,,,,
11/09/2020,O,245,558,,,,,,22.32,,93.68,,63.93,,,,,,,16.27,22.32,22.32,,1.5,500,,,,,,,,,
14/09/2020,E,7,0,,,,,,,,,,,,,,,,,,,,,,,,,,525,,,,,
18/09/2020,O,4,582.21,,,,,,23.29,,93.68,,62.38,,,,,,,16.39,23.29,23.29,100.77,1.5,200,,,,,,,,,
18/09/2020,O,7,711.59,,,,,,28.46,,93.63,,54.06,,,,,,,19.57,28.46,28.46,196.19,1.5,200,,3500,,,525,,,,
18/09/2020,O,11,582.21,,,,,,23.29,,93.68,,62.38,,,,,,,16.3,23.29,23.29,263.3,1.5,200,,,,,,,,,
18/09/2020,O,24,1155.78,,,,,,46.23,,74.81,,5.68,,,,,,,29.14,46.23,46.23,,1.5,200,,,,,,,,,
18/09/2020,O,31,1950.48,,,,,,78.02,,,,,,,155.59,,,,58.8,78.02,78.02,,,300,,,,,,,,,
18/09/2020,O,39,1523.57,,,,,,60.94,,58.38,,,,,50.76,,,,44.79,60.94,60.94,,,,,,,,,,,,
18/09/2020,O,75,582.21,,,,,,23.29,,93.68,,62.38,,,,,,,16.31,23.29,23.29,,1.5,200,,,,,,,,,
18/09/2020,O,136,582.21,,,,,,23.29,,93.68,,62.38,,,,,,,19.53,23.29,23.29,280.45,1.5,200,,,,,,,,,
18/09/2020,O,220,582.21,,,,,,23.29,,93.68,,62.38,,,,,,,16.35,23.29,23.29,,,,,,,,,,,,
18/09/2020,O,231,776.28,,,,,,31.05,,93.63,,49.92,,,,,,,19.54,31.05,31.05,,1.5,400,,,,,,,,,
18/09/2020,O,236,582.21,,,,,,23.29,,93.68,,62.38,,,,,,,16.3,23.29,23.29,,1.5,80,,,,,,,,,
18/09/2020,O,245,558,,,,,,22.32,,93.68,,63.93,,,,,,,16.27,22.32,22.32,,1.5,500,,,,,,,,,
25/09/2020,O,4,582.21,,,,,,23.29,,125.84,,96.6,,,,,,,19.68,23.29,23.29,120.93,1.5,200,,,,,,,,,
25/09/2020,O,7,646.9,,,,,,25.88,,125.73,,92.33,,,,,,,13.04,25.88,25.88,130.79,1.5,200,,,361.93,,,,,,
25/09/2020,O,11,776.28,,,,,,31.05,,125.89,,84.22,,,,,,,19.54,31.05,31.05,315.96,1.5,200,,,,,,,,,
25/09/2020,O,24,1155.78,,,,,,46.23,,123.04,,59.34,,,,,,,29.14,46.23,46.23,,1.5,200,,,,,,,,,
25/09/2020,O,31,1950.48,,,,,,78.02,,,,,,,155.59,,,,70.56,78.02,78.02,,,300,,,,,,,,,
25/09/2020,O,39,1523.57,,,,,,60.94,,119.49,,,,,50.76,,,,53.74,60.94,60.94,,,,,,,,,,,,
25/09/2020,O,75,711.59,,,,,,28.46,,125.84,,88.32,,,,,,,19.57,28.46,28.46,,1.5,200,,,,,,,,,
25/09/2020,O,136,582.21,,,,,,23.29,,125.89,,96.64,,,,,,,16.27,23.29,23.29,233.71,1.5,200,800,,,,,,,,
25/09/2020,O,220,582.21,,,,,,23.29,,125.79,,96.56,,,,,,,19.62,23.29,23.29,,,,,,,,,,,,
25/09/2020,O,231,582.21,,,,,,23.29,,125.73,,96.47,,,,,,,16.3,23.29,23.29,,1.5,400,,,,,,,,,
25/09/2020,O,236,582.21,,,,,,23.29,,125.79,,96.56,,,,,,,19.54,23.29,23.29,,1.5,80,,,,,,,,,
25/09/2020,O,245,558,,,,,,22.32,,125.84,,98.15,,,,,,,19.53,22.32,22.32,,1.5,500,,,,,,,,,
02/10/2020,O,4,582.21,,,,,,23.29,,93.68,,62.38,,,,,,,19.68,23.29,23.29,120.93,1.5,200,,,,,,,,,
02/10/2020,O,7,776.28,,,,,,31.05,,93.63,,49.92,,,,,,,19.57,31.05,31.05,196.19,1.5,200,,,361.93,,,,,,
02/10/2020,O,11,711.59,,,,,,28.46,,93.63,,54.06,,,,,,,16.3,28.46,28.46,263.3,1.5,200,,,,,,,,,
02/10/2020,O,24,1155.78,,,,,,46.23,,74.81,,5.68,,,,,,,29.14,46.23,46.23,,1.5,200,,,,,,,,,
02/10/2020,O,31,1950.48,,,,,,78.02,,,,,,,155.59,,,,70.56,78.02,78.02,,,300,,,,,,,,,
02/10/2020,O,39,1523.57,,,,,,60.94,,58.38,,,,,50.76,,,,53.74,60.94,60.94,,,,,,,,,,,,
02/10/2020,O,75,582.21,,,,,,23.29,,93.68,,62.38,,,,,,,16.31,23.29,23.29,,1.5,200,,,,,,,,,
02/10/2020,O,136,582.21,,,,,,23.29,,93.68,,62.38,,,,,,,16.27,23.29,23.29,233.71,1.5,200,,,,,,,,,
02/10/2020,O,220,582.21,,,,,,23.29,,93.68,,62.38,,,,,,,19.62,23.29,23.29,,,,,,,,,,,,
02/10/2020,O,231,582.21,,,,,,23.29,,93.68,,62.38,,,,,,,16.3,23.29,23.29,,1.5,400,,,,,,,,,
02/10/2020,O,236,582.21,,,,,,23.29,,93.68,,62.38,,,,,,,19.54,23.29,23.29,,1.5,80,,,,,,,,,
02/10/2020,O,245,558,,,,,,22.32,,93.68,,63.93,,,,,,,19.53,22.32,22.32,,1.5,500,,,,,,,,,
05/10/2020,E,7,0,,,,,,,,,,,,,,,,,,,,,,,1000,,,,,,,,
09/10/2020,O,4,711.59,,,,,,28.46,,93.63,,54.06,,,,,,,19.68,28.46,28.46,120.93,1.5,200,,,,,,,,,
09/10/2020,O,7,776.28,,,,,,31.05,,93.63,,49.92,,,,,,,19.57,31.05,31.05,196.19,1.5,200,1000,,361.93,,,,,,
09/10/2020,O,11,646.9,,,,,,25.88,,93.63,,58.2,,,,,,,16.3,25.88,25.88,263.3,1.5,200,,,,,,,,,
09/10/2020,O,24,1155.78,,,,,,46.23,,74.81,,5.68,,,,,,,29.14,46.23,46.23,,1.5,200,,,,,,,,,
09/10/2020,O,31,1950.48,,,,,,78.02,,,,,,,155.59,,,,58.8,78.02,78.02,,,300,,,,,,,,,
09/10/2020,O,39,1523.57,,,,,,60.94,,58.38,,,,,50.76,,,,44.79,60.94,60.94,,,,,,,,,,,,
09/10/2020,O,75,646.9,,,,,,25.88,,93.63,,58.2,,,,,,,16.31,25.88,25.88,,1.5,200,,,,,,,,,
09/10/2020,O,136,776.28,,,,,,31.05,,93.63,,49.92,,,,,,,19.53,31.05,31.05,280.45,1.5,200,,,,,,,,,
09/10/2020,O,220,582.21,,,,,,23.29,,93.68,,62.38,,,,,,,16.35,23.29,23.29,,,,,,,,,,,,
09/10/2020,O,231,776.28,,,,,,31.05,,93.63,,49.92,,,,,,,19.54,31.05,31.05,,1.5,400,,,,,,,,,
09/10/2020,O,236,582.21,,,,,,23.29,,93.68,,62.38,,,,,,,16.3,23.29,23.29,,1.5,80,,,,,,,,,
09/10/2020,O,245,558,,,,,,22.32,,93.68,,63.93,,,,,,,16.27,22.32,22.32,,1.5,500,,,,,,,,,
16/10/2020,O,4,711.59,,,,,,28.46,,93.63,,54.06,,,,,,,19.68,28.46,28.46,120.93,1.5,200,,,,,,,,,
16/10/2020,O,7,776.28,,,,,,31.05,,93.63,,49.92,,,,,,,19.57,31.05,31.05,196.19,1.5,200,,,361.93,,,,,,
16/10/2020,O,11,586.52,,,,,,23.46,,93.68,,62.11,,,,,,,16.3,23.46,23.46,263.3,1.5,200,,,,,,,,,
16/10/2020,O,24,1155.78,,,,,,46.23,,74.81,,5.68,,,,,,,29.14,46.23,46.23,,1.5,200,,,,,,,,,
16/10/2020,O,31,1950.48,,,,,,78.02,,,,,,,155.59,,,,58.8,78.02,78.02,,,300,,,,,,,,,
16/10/2020,O,39,1523.57,,,,,,60.94,,58.38,,,,,50.76,,,,44.79,60.94,60.94,,,,,,,,,,,,
16/10/2020,O,75,646.9,,,,,,25.88,,93.63,,58.2,,,,,,,16.31,25.88,25.88,,1.5,200,,,,,,,,,
16/10/2020,O,136,776.28,,,,,,31.05,,93.63,,49.92,,,,,,,19.53,31.05,31.05,280.45,1.5,200,1500,,,,,,,,
16/10/2020,O,220,582.21,,,,,,23.29,,93.68,,62.38,,,,,,,16.35,23.29,23.29,,,,,,,,,,,,
16/10/2020,O,231,776.28,,,,,,31.05,,93.63,,49.92,,,,,,,19.54,31.05,31.05,,1.5,400,,,,,,,,,
16/10/2020,O,236,582.21,,,,,,23.29,,93.68,,62.38,,,,,,,16.3,23.29,23.29,,1.5,80,,,,,,,,,
16/10/2020,O,245,558,,,,,,22.32,,93.68,,63.93,,,,,,,16.27,22.32,22.32,,1.5,500,,,,,,,,,
20/10/2020,E,1,0,,,,,,,,,,,,,,,,,,,,,,,3400,,,,,,,,
23/10/2020,O,4,582.21,,,,,,23.29,,93.68,,62.38,,,,,,,16.39,23.29,23.29,100.77,1.5,200,,,,,,,,,
23/10/2020,O,7,776.28,,,,,,31.05,,93.63,,49.92,,,,,,,19.57,31.05,31.05,196.19,1.5,200,,,361.93,,,,,,
23/10/2020,O,11,776.28,,,,,,31.05,,93.63,,49.92,,,,,,,19.54,31.05,31.05,315.96,1.5,200,,,,,,,,,
23/10/2020,O,24,1155.78,,,,,,46.23,,74.81,,5.68,,,,,,,29.14,46.23,46.23,,1.5,200,,,,,,,,,
23/10/2020,O,31,1950.48,,,,,,78.02,,,,,,,155.59,,,,58.8,78.02,78.02,,,300,,,,,,,,,
23/10/2020,O,39,1523.57,,,,,,60.94,,58.38,,,,,50.76,,,,44.79,60.94,60.94,,,,,,,,,,,,
23/10/2020,O,75,776.28,,,,,,31.05,,93.63,,49.92,,,,,,,19.57,31.05,31.05,,1.5,200,,,,,,,,,
23/10/2020,O,136,614.56,,,,,,24.58,,93.63,,60.27,,,,,,,16.27,24.58,24.58,233.71,1.5,200,,,,,,,,,
23/10/2020,O,220,582.21,,,,,,23.29,,93.68,,62.38,,,,,,,16.35,23.29,23.29,,,,,,,,,,,,
23/10/2020,O,231,582.21,,,,,,23.29,,93.68,,62.38,,,,,,,16.3,23.29,23.29,,1.5,400,,,,,,,,,
23/10/2020,O,236,582.21,,,,,,23.29,,93.68,,62.38,,,,,,,16.3,23.29,23.29,,1.5,80,,,,,,,,,
23/10/2020,O,245,558,,,,,,22.32,,93.68,,63.93,,,,,,,16.27,22.32,22.32,,1.5,500,,,,,,,,,
27/10/2020,E,4,0,,,,,,,,,,,,,,,,,,,,,,,,,,200,,,,,
28/10/2020,E,7,0,,,,,,,,,,,,,,,,,,,,,,,500,,,,,,,,
28/10/2020,E,24,0,,,,,,,,,,,,,,,,,,,,,,,,,,3750,,,,,
30/10/2020,O,4,711.59,,,,,,28.46,,32,,,11.49,,,,,,16.39,28.46,28.46,100.77,1.5,200,1000,,,,200,,,,
30/10/2020,O,7,776.28,,,,,,31.05,,7.94,,,39.71,,,,,,19.57,31.05,31.05,196.19,1.5,200,,,361.93,80,,,,,
30/10/2020,O,11,646.9,,,,,,25.88,,32.05,,,7.32,,,,,,16.3,25.88,25.88,263.3,1.5,200,,,,,,,,,
30/10/2020,O,24,1155.78,,,,,,46.23,,,4.61,,22.72,4.61,88.22,,,,29.14,46.23,46.23,,1.5,200,8600,,,,3750,,,,
30/10/2020,O,31,1950.48,,,,,,78.02,,,,,,,155.59,,,,82.31,78.02,78.02,,,300,,,,,,,,,
30/10/2020,O,39,1523.57,,,,,,60.94,,,233.52,,,,50.76,,233.52,,62.71,60.94,60.94,,,,,,,,,,,,
30/10/2020,O,75,646.9,,,,,,25.88,,32.05,,,7.31,,,,,,19.57,25.88,25.88,,1.5,200,,,,,,,,,
30/10/2020,O,136,711.59,,,,,,28.46,,32.05,,,11.45,,,,,,16.27,28.46,28.46,233.71,1.5,200,,1500,,,,,,,
30/10/2020,O,220,582.21,,,,,,23.29,,31.9,,,3.29,,,,,,22.88,23.29,23.29,,,,,,,,,,,,
30/10/2020,O,231,776.28,,,,,,31.05,,18.15,,,29.48,,,,,,19.54,31.05,31.05,,1.5,400,,,,,,,,,
30/10/2020,O,236,582.21,,,,,,23.29,,31.9,,,3.29,,,,,,22.8,23.29,23.29,,1.5,80,,,,,,,,,
30/10/2020,O,245,558,,,,,,22.32,,31.9,,,1.74,,,,,,22.77,22.32,22.32,,1.5,500,,,,,,,,,
04/11/2020,E,7,0,,,,,,,,,,,,,,,,,,,,,,,,,,300,,,,,
04/11/2020,E,136,0,,,,,,,,,,,,,,,,,,,,,,,,,,50,,,,,
04/11/2020,E,236,0,,,,,,,,,,,,,,,,,,,,,,,,,,105,,,,,
06/11/2020,O,4,695.88,,,,,,27.84,,93.63,,55.06,,,,,,,19.6,27.84,27.84,100.77,1.5,200,,,,,,,,,
06/11/2020,O,7,1210.8,,,,,,48.43,,74.81,,,,,0.31,,,,30.52,48.43,48.43,196.19,1.5,200,,500,361.93,,380,,,,
06/11/2020,O,11,711.59,,,,,,28.46,,93.63,,54.06,,,,,,,19.54,28.46,28.46,315.96,1.5,200,,,,,,,,,
06/11/2020,O,24,1155.78,,,,,,46.23,,74.81,,5.68,,,,,,,29.14,46.23,46.23,,1.5,200,,,,,,,,,
06/11/2020,O,31,2277,,,,,,91.08,,,,,,,205.96,,,,69.52,91.08,91.08,,,300,,,,,,,,,
06/11/2020,O,39,1777.5,,,,,,71.1,,,,,,,136.77,,,,53.12,71.1,71.1,,,,,,,,,,,,
06/11/2020,O,75,1186.88,,,,,,47.48,,74.81,,2.29,,,,,,,33.64,47.48,47.48,,1.5,200,,,,,,,,,
06/11/2020,O,136,1167.06,,,,,,46.68,,74.81,,4.45,,,,,,,29.34,46.68,46.68,280.45,1.5,200,,,318.75,,50,,,,
06/11/2020,O,220,1080,,,,,,43.2,,81.57,,18.41,,,,,,,30.33,43.2,43.2,,,,,,,,,,,,
06/11/2020,O,231,776.28,,,,,,31.05,,93.63,,49.92,,,,,,,19.54,31.05,31.05,,1.5,400,,,,,,,,,
06/11/2020,O,236,1346.8,,,,,,53.87,,67.84,,,,,22.07,,,,33.93,53.87,53.87,,1.5,80,,,,,105,,,,
06/11/2020,O,245,388.14,,,,,,15.53,,93.72,,74.85,,,,,,,9.76,15.53,15.53,,1.5,500,100,,,,,,,,
10/11/2020,E,4,0,,,,,,,,,,,,,,,,,,,,,,,,,,100,,,,,
13/11/2020,O,4,851.63,,,,,,34.07,,88.07,,39.53,,,,,,,19.6,34.07,34.07,100.77,1.5,200,,,,,100,,,,
13/11/2020,O,7,1127.95,,,,,,45.12,,74.81,,8.58,,,,,,,30.52,45.12,45.12,196.19,1.5,200,,,361.93,,,,,,
13/11/2020,O,11,733.15,,,,,,29.33,,93.63,,52.68,,,,,,,16.3,29.33,29.33,263.3,1.5,200,,,,,,,,,
13/11/2020,O,24,1123.68,,,,,,44.95,,74.81,,8.86,,,,,,,29.14,44.95,44.95,,1.5,200,,,,,,,,,
13/11/2020,O,31,2277,,,,,,91.08,,,,,,,205.96,,,,69.52,91.08,91.08,,,300,,,,,,,,,
13/11/2020,O,39,1777.5,,,,,,71.1,,,,,,,136.77,,,,53.12,71.1,71.1,,,,,,,,,,,,
13/11/2020,O,75,1055,,,,,,42.2,,81.57,,20.01,,,,,,,33.64,42.2,42.2,,1.5,200,,,,,,,,,
13/11/2020,O,220,1080,,,,,,43.2,,81.57,,18.41,,,,,,,30.33,43.2,43.2,,,,,,,,,,,,
13/11/2020,O,231,1009.73,,,,,,40.39,,88.07,,29.41,,,,,,,19.54,40.39,40.39,,1.5,400,,,,,,,,,
13/11/2020,O,236,1346.8,,,,,,53.87,,67.84,,,,,22.07,,,,33.93,53.87,53.87,,1.5,80,,,,,,,,,
13/11/2020,O,245,388.14,,,,,,15.53,,93.72,,74.85,,,,,,,9.76,15.53,15.53,,1.5,500,100,,,,,,,,
20/11/2020,O,4,695.88,,,,,,27.84,,93.63,,55.06,,,,,,,19.6,27.84,27.84,100.77,1.5,200,,,,,,,,,
20/11/2020,O,7,1009,,,,,,40.36,,88.07,,29.46,,,,,,,25.44,40.36,40.36,163.49,1.5,200,500,,558.81,,,,,,
20/11/2020,O,11,711.59,,,,,,28.46,,93.63,,54.06,,,,,,,16.3,28.46,28.46,263.3,1.5,200,,,,,,,,,
20/11/2020,O,24,1130.74,,,,,,45.23,,74.81,,8.4,,,,,,,24.28,45.23,45.23,,1.5,200,,,,,,,,,
20/11/2020,O,31,2277,,,,,,91.08,,,,,,,205.96,,,,69.52,91.08,91.08,,,300,,,,,,,,,
20/11/2020,O,39,1777.5,,,,,,71.1,,,,,,,136.77,,,,53.12,71.1,71.1,,,,,,,,,,,,
20/11/2020,O,75,1186.88,,,,,,47.48,,74.81,,2.29,,,,,,,33.64,47.48,47.48,,1.5,200,,,,,,,,,
20/11/2020,O,220,1080,,,,,,43.2,,81.57,,18.41,,,,,,,30.33,43.2,43.2,,,,,,,,,,,,
20/11/2020,O,231,712.11,,,,,,28.48,,93.63,,54.02,,,,,,,19.54,28.48,28.48,,1.5,400,,,,,,,,,
20/11/2020,O,236,1346.8,,,,,,53.87,,67.84,,,,,22.07,,,,33.93,53.87,53.87,,1.5,80,,,,,,,,,
20/11/2020,O,245,558.88,,,,,,22.36,,93.68,,63.88,,,,,,,16.27,22.36,22.36,,1.5,500,,,,,,,,,
21/11/2020,E,136,1530.79,369.6,,,2606.4,,,382.7,,,,,,38.33,,,,,,,,,,1000,,1200,,,,,1645.24,1645.24
23/11/2020,E,24,0,,,,,,,,,,,,,,,,,,,,,,,,,,2000,,,,,
25/11/2020,E,4,0,,,,,,,,,,,,,,,,,,,,,,,,,,200,,,,,
27/11/2020,O,4,903.82,,,,,,36.15,,131.29,,81.46,,,,,,,23.52,36.15,36.15,120.93,1.5,200,,,,,200,,,,
27/11/2020,O,7,1109.9,,,,,,44.4,,116.54,,56.82,,,,0.31,,,30.52,44.4,44.4,196.19,1.5,200,,,558.81,,,,,,
27/11/2020,O,11,754.72,,,,,,30.19,,125.73,,85.43,,,,,,,19.54,30.19,30.19,315.96,1.5,200,,,,,,,,,
27/11/2020,O,24,1130.68,,,,,,45.23,,129.8,,66.59,,,,,,,29.14,45.23,45.23,,1.5,200,100,,,,1000,,,,
27/11/2020,O,31,3542,,,,,,141.68,,,,,,,458.74,,,,97.32,141.68,141.68,,,300,,,,,,,,,
27/11/2020,O,39,2765,,,,,,110.6,,,,,,,292.79,,,,74.37,110.6,110.6,,,,,,,,,,,,
27/11/2020,O,220,1680,,,,,,67.2,,80.16,,,19.76,,,,,,42.48,67.2,67.2,,,,,,,,,,,,
27/11/2020,O,231,1248.14,,,,,,49.93,,107.13,,35.27,,,,,,,19.54,49.93,49.93,,1.5,400,,,,,,,,,
27/11/2020,O,236,1346.8,,,,,,53.87,,91.11,,,,,,20.61,,,33.93,53.87,53.87,,1.5,80,,,,,,,,,
27/11/2020,O,245,558.01,,,,,,22.32,,125.71,,98,,,,,,,13.03,22.32,22.32,,1.5,500,,,,,,,,,
01/12/2020,E,4,0,,,,,,,,,,,,,,,,,,,,,,,,,,103,,,,,
01/12/2020,E,7,0,,,,,,,,,,,,,,,,,,,,,,,,,,100,,,,,
04/12/2020,O,4,695.88,,,,,,27.84,,93.63,,55.06,,,,,,,19.6,27.84,27.84,100.77,1.5,200,,,,,103,,,,
04/12/2020,E,4,0,,,,,,,,,,,,,,,,,,,,,,,,,,103,,,,,
04/12/2020,O,7,942.4,,,,,,37.7,,88.07,,33.72,,,,,,,25.44,37.7,37.7,163.49,1.5,200,100,,493.18,,100,,,,
04/12/2020,O,11,582.21,,,,,,23.29,,93.68,,62.38,,,,,,,16.3,23.29,23.29,263.3,1.5,200,,,,,,,,,
04/12/2020,O,24,1123.68,,,,,,44.95,,74.81,,8.86,,,,,,,29.14,44.95,44.95,,1.5,200,200,,,,1000,,,,
04/12/2020,O,31,3542,,,,,,141.68,,,,,,,458.74,,,,97.32,141.68,141.68,,,300,,,,,,,,,
04/12/2020,O,39,2765,,,,,,110.6,,,,,,,292.79,,,,74.37,110.6,110.6,,,,,,,,,,,,
04/12/2020,O,220,1680,,,,,,67.2,,50.11,,,,,76.06,,,,42.48,67.2,67.2,,,,,,,,,,,,
04/12/2020,O,231,873.66,,,,,,34.95,,88.07,,38.12,,,,,,,19.54,34.95,34.95,,1.5,400,,,,,,,,,
04/12/2020,O,236,1346.8,,,,,,53.87,,67.84,,,,,22.07,,,,33.93,53.87,53.87,,1.5,80,,,,,,,,,
04/12/2020,O,245,565.79,,,,,,22.63,,93.68,,63.43,,,,,,,6.5,22.63,22.63,,1.5,500,,,,,,,,,
07/12/2020,E,7,0,,,,,,,,,,,,,,,,,,,,,,,,,,85,,,,,
09/12/2020,E,4,0,,,,,,,,,,,,,,,,,,,,,,,5000,,,,,84.23,,,
09/12/2020,E,7,0,,,,,,,,,,,,,,,,,,,,,,,1400,,,,,23.59,,,
09/12/2020,E,11,0,,,,,,,,,,,,,,,,,,,,,,,9600,,,,,161.73,,,
09/12/2020,E,24,0,,,,,,,,,,,,,,,,,,,,,,,700,,,,,11.79,,,
09/12/2020,E,31,0,,,,,,,,,,,,,,,,,,,,,,,5400,,,,,90.97,,,
09/12/2020,E,75,0,,,,,,,,,,,,,,,,,,,,,,,9200,,,,,154.99,,,
09/12/2020,E,231,0,,,,,,,,,,,,,,,,,,,,,,,19200,,,,,323.46,,,
09/12/2020,E,236,0,,,,,,,,,,,,,,,,,,,,,,,3840,,,,,64.69,,,
09/12/2020,E,245,0,,,,,,,,,,,,,,,,,,,,,,,23800,,,,,400.95,,,
11/12/2020,O,4,1237.55,,,,,,49.5,,67.84,,,,,10.18,,,,23.52,49.5,49.5,120.93,1.5,,,,,,103,,,,
11/12/2020,O,7,1099.89,,,,,,44,,74.81,,10.38,,,,,,,30.52,44,44,196.19,1.5,,,,,,85,,,,
11/12/2020,O,11,754.72,,,,,,30.19,,93.63,,51.3,,,,,,,19.54,30.19,30.19,315.96,1.5,,,,,,,,,,
11/12/2020,O,24,1123.68,,,,,,44.95,,74.81,,8.86,,,,,,,29.14,44.95,44.95,,1.5,,,,,,,,,,
11/12/2020,O,31,3542,,,,,,141.68,,,,,,,458.74,,,,97.32,141.68,141.68,,,,,,,,,,,,
11/12/2020,O,39,2765,,,,,,110.6,,,,,,,292.79,,,,74.37,110.6,110.6,,,,,,,,,,,,
11/12/2020,O,220,1680,,,,,,67.2,,50.11,,,,,76.06,,,,42.48,67.2,67.2,,,,,,,,,,,,
11/12/2020,O,231,928.29,,,,,,37.13,,88.07,,34.62,,,,,,,19.54,37.13,37.13,,1.5,,,,,,,,,,
11/12/2020,O,236,1346.8,,,,,,53.87,,67.84,,,,,22.07,,,,33.93,53.87,53.87,,1.5,,,,,,,,,,
11/12/2020,O,245,430.91,,,,,,17.24,,93.68,,72.07,,,,,,,13.03,17.24,17.24,,1.5,,,,,,,,,,
17/12/2020,E,1,0,,,,790.98,,,,,,,,,,,,,,,,,,,,,,,,,,,
17/12/2020,E,4,0,,,,2186.14,,,,,,,,,,,,,,,,,,,,,,,,,,,
17/12/2020,E,7,0,404.01,,,2606.4,,,,,,,,,43.96,,,,,,,,,,,,,,,,,,
17/12/2020,E,11,0,1530.01,,,2606.4,,,,,,,,,97.92,,,,,,,,,,,,,,,,,,
17/12/2020,E,24,0,5476.22,,,2606.4,,,,,,,,,595.81,,,,,,,,,,,,,,,,,,
17/12/2020,E,31,0,12564,,,2606.4,,,,,,,,,2683.67,,,,,,,,,,,,,,,,,,
17/12/2020,E,39,0,12243.6,,,2606.4,,,,,,,,,2114.39,,,,,,,,,,,,,,,,,,
17/12/2020,E,75,0,894.61,,,2606.4,,,,,,,,,97.33,,,,,,,,,,,,,,,,,,
17/12/2020,E,220,0,3613.87,,,2606.4,,,,,,,,,271.92,,,,,,,,,,,,,,,,,,
17/12/2020,E,231,0,675.52,,,2606.4,,,,,,,,,43.23,,,,,,,,,,,,,,,,,,
17/12/2020,E,236,0,279.6,,,2606.4,,,,,,,,,30.42,,,,,,,,,,,,,,,,,,
17/12/2020,E,245,0,,,,1844.99,,,,,,,,,,,,,,,,,,,,,,,,,,,
18/12/2020,E,4,2628.88,,,397.84,,,,143.4,,,,,,45,,,,66.63,,,342.63,,,,,,,,,,,
18/12/2020,O,4,1085.82,,,,,,43.43,,133.16,,18.04,,,,55.18,,,27.44,43.43,43.43,141.08,1.5,,,,,,,,,,
18/12/2020,E,7,1816.2,,,,,,,302.7,,,,,,,,,,45.79,,,294.29,,,,,,,,,,,
18/12/2020,O,7,1176.49,,,,,,47.06,,131.75,,3.42,,,,43.96,,,35.61,47.06,47.06,228.89,1.5,,,,,,,,,,
18/12/2020,O,11,543.4,,,,,,21.74,,107.32,,,106.14,,,,,,16.3,21.74,21.74,263.3,1.5,,,,,,,,,,
18/12/2020,E,11,1972.74,,,,,,,269.84,,,,,,,,,,22.81,,,368.63,,,,,,,,,,,
18/12/2020,O,24,2155.78,,,,,,86.23,,,149.62,,,,186.57,,149.62,164.28,34,86.23,86.23,,1.5,,,,,,,,,,
18/12/2020,E,24,3792.67,,,505.96,,,,35.85,,,,,,48.9,,,,34,,,,,,,,,,,,,,
18/12/2020,O,31,3542,,,,,,141.68,,,,,,,652.46,,,,97.32,141.68,141.68,,,,,,,,,,,,
18/12/2020,E,31,13147.68,,,2492.55,,,,35.85,,,,,,1209.78,,,,180.74,,,,,,,,,,,,,,
18/12/2020,O,39,4265,,,,,,170.6,,,,,,,613.17,,,,74.37,170.6,170.6,,,,,,,,,,,,
18/12/2020,E,39,12870,,,2439.15,,,,35.85,,,,,,968.36,,,,138.12,,,,,,,,,,,,,,
18/12/2020,E,75,2373.75,,,,,,,395.63,406.62,,,,,,,,,60.55,,,,,,,,,,,,,,
18/12/2020,O,220,2180,,,,,,87.2,,,100.22,,,,190.44,,100.22,,42.48,87.2,87.2,,,,,,,,,,,,
18/12/2020,E,220,5720,,,516.8,,,,583.2,,,,,,106,,,,78.87,,,,,,,,,,,,,,
18/12/2020,E,231,1100,,,,,,,110,,,,,,,,,,16.29,,,,,,,,,,,,,,
18/12/2020,O,231,1320,,,,,,52.8,,148.73,,,,,,43.23,,,22.8,52.8,52.8,,1.5,,,,,,,,,,
18/12/2020,O,236,1351,,,,,,54.04,,158.95,,,,,,74.73,,,33.93,54.04,54.04,,1.5,,,,,,,,,,
18/12/2020,E,236,962,,,,,,,96.2,,,,,,,,,,24.23,,,,,,,,,,,,,,
18/12/2020,O,245,572.32,,,,,,22.89,,219.66,,197.02,,,,,,,13.03,22.89,22.89,,1.5,,,,,,,,,,
28/12/2020,O,236,1604.58,,,,,,64.18,,,41.09,,,,0.18,,41.09,,33.93,64.18,64.18,,1.5,,,,,,,,,,
30/12/2020,E,4,0,,,,,,,,,,,,,,,,,,,,,,,,,,85.28,,,,,
30/12/2020,E,7,0,,,,,,,,,,,,,,,,,,,,,,700,,,200,900,,,,,
30/12/2020,E,136,0,,,,,,,,,,,,,,,,,,,,,,200,,,,200,,,,,
31/12/2020,E,39,0,,,,,,,,,,,,,,,,,,,,,,,15500,,,,,635.88,,,
31/12/2020,E,220,0,,,,,,,,,,,,,,,,,,,,,,,8800,,,,,348.25,,,
